4,31.952327691744912
5,0.6972864436205523
6,1.3095897403654404
4,5.418245212934009
5,-0.36340825635063945
4,5.5626584432053345
5,1.6299966487645587
4,8.415004161438134
5,-0.8871762164623298
6,1.4873576596971123
4,3.5514618223283723
6,15.528849007178607
6,-9.623941095846893
5,5.441377356877799
6,0.7041884367412311
5,1.5520455717733093
6,7.495123974103234
4,17.322991787998777
5,1.7862390997532607
6,1.2694403960802583
5,18.621541860637322
6,7.702948335998431
12,43.636491905532246
11,32.173505418836406
7,11.849814233726102
5,29.89587884650465
4,15.990454266932604
6,23.262828933150686
7,-11.17227768680234
7,7.383219812325388
7,53.62622421707749
9,4.505279988142312
9,0.865090670635405
8,21.702360188327354
9,14.65707488799784
9,-12.685185509795033
9,-7.375045635268782
8,0.0022239118476374024
9,0.34883014733720463
8,50.648397490598995
9,1.685736365886864
9,8.038409061400964
4,11.528216428843232
6,-3.1001166471299477
6,13.19649619496878
6,-18.731234747851126
7,-4.9943552647732155
6,3.0279686966409454
6,37.278748257218545
7,-12.623140282920062
6,-1.3733495502052349
7,-4.271923376149963
7,-24.44810398364409
6,21.1588449536709
7,44.76605842126888
7,18.7097956526108
6,-1.7052167286582662
8,26.43153571133455
9,4.159195012881725
6,2.2977608319446525
9,-1.6228693007399717
9,-13.861166799004334
6,-0.6898029726915171
8,0.8866355528279278
9,16.17460555541699
6,10.636728531534201
8,27.604844096209995
8,1.0437036830350535
6,10.313939716511413
8,24.623907557214842
9,4.367885994605708
6,29.764621452259803
9,-3.3560910313689947
9,3.533028886664159
6,16.905140882077742
9,9.85477599279291
9,18.70438543132647
6,40.62510356409685
9,0.16670519076198795
8,4.451082430393047
6,41.35746124288553
8,31.891339366784845
9,-0.955616717150804
6,17.02350196569875
9,-1.4281064137892596
9,30.118784591641376
6,-5.653980998972332
9,0.96326937671801
11,6.832711705520076
6,23.14261499777883
8,0.6670693663617333
11,-14.727281719051842
6,9.591889755758608
9,8.785114028359883
11,-3.6395233213945115
6,0.15058086436283064
9,1.3968855372662659
10,25.62477776914356
6,15.142339253191059
8,50.630804821785524
11,3.9796297306848434
6,23.396501305782678
10,-12.288483574604284
11,21.663529224244755
6,-35.18721268651463
10,-0.4094567622112971
10,32.398429514662375
6,-34.625514609290576
10,-3.874101944426884
11,12.360923864272984
6,33.070854428417995
9,6.621385136389703
11,29.836353864102417
6,36.36976068759871
10,-8.285345015919901
12,-7.298287219540547
6,4.181485693177845
9,-13.616755649073744
11,-9.596037074174975
6,27.45906951342507
10,-0.5891626651587648
11,25.993748304048914
6,0.5211592497032188
10,-10.934313020937065
12,-10.71442037208289
6,-6.547624389343709
10,-28.264823285724763
11,33.55894525919244
6,10.91783238470408
10,-11.68848338499516
12,29.117160492491756
6,7.3413227868498145
10,5.962267927849796
13,-14.359828601772932
6,7.263900885623849
9,0.48116420309283764
12,12.819629616397798
6,28.25769964684421
9,23.563592349232255
13,-3.4253432145760527
6,1.9401207619799936
9,39.00736526139817
12,25.75181998178081
6,34.24966432372799
10,-4.858640469146845
12,3.3653203172784583
6,3.8289919290312118
9,54.906821144243
13,7.925092943726489
6,28.98709103681442
10,6.073261417623954
13,-6.771827738898707
6,16.200515587556016
10,37.75541403501008
13,-2.0097052526636827
6,29.760486655507947
11,-3.3091570400610255
13,-3.1097409147076442
6,6.1841079995725154
11,-2.2133911887298643
12,28.873416745233513
6,39.15755737833736
10,18.42424662512173
12,-15.41164108898132
6,20.42684847889084
10,23.265263431296702
12,10.802147497519767
6,5.8568041645373
10,49.54335628503574
12,19.805146597084015
6,22.604323615677053
10,36.964429994793996
13,-15.396003816060926
6,20.292559686887518
11,2.617829073535697
13,-10.383355516096133
6,8.786531726652507
11,-2.790063779703421
12,-1.8483437861887244
6,24.053319498178993
11,-15.25453625292554
12,1.5969532101508512
6,1.2069633459920934
10,13.29498856175066
12,-9.602182538687195
6,13.624710948103909
11,-19.370176079794
13,-0.5293679622037692
6,-13.922017108416842
11,-2.5479170100215676
13,-12.90598449844141
6,22.638057200410717
11,-6.699170269562323
12,1.0558154249575475
6,25.15773455089146
4,4.347783125810491
6,1.3190059471845437
5,-9.898068335607405
5,-7.14502426501764
5,7.712822918290869
7,5.9163467250842245
7,-1.1468790857334086
7,12.149397239100235
9,4.941512223551547
8,3.7605563232211257
9,1.5909127087476844
8,13.877952917373303
9,-14.511453544800755
10,3.3712049998408675
9,-0.8359568870031411
9,4.8708018769270724
10,-1.101034457004589
9,-3.324432366851914
9,-0.5133869266444969
10,0.534111590772648
9,-7.752863574039961
9,-1.2522761378768674
10,-0.18903348712211762
9,-30.352006661026376
9,21.55598483622569
10,-11.341477584792612
11,13.314576775004303
11,-0.6680903677491113
11,17.83888172894362
10,13.835521237009127
10,-8.3439703859613
10,8.693764433575629
11,8.544184868740679
10,-5.4876731184752074
10,22.32031727520757
12,-6.736790364097011
11,22.114761674681766
12,11.366823252200211
12,0.5021348558099732
11,7.074797597735217
12,-1.3197806558029854
11,11.774462564294733
12,1.807705019796477
11,2.9732939803285277
12,19.870682887079003
12,-8.007075774768582
12,2.444928622715893
12,-5.5830905439099565
11,-28.894613731498126
12,1.1924854345267224
12,3.3930251702366716
11,17.133687164089398
12,2.2943431240364425
11,14.275695462453275
11,13.23713560407025
11,-3.7417786145140224
12,13.30376605272469
11,-2.0311217385832188
11,13.351422049400677
11,5.054111407913372
12,13.493919237151035
12,-0.6594151931391184
11,5.991198305470842
11,-10.329751596266647
12,-17.15878652871094
12,3.554160698059519
12,-0.5644378726174886
11,-5.963856188936618
12,10.27772291187993
12,-5.817080190073654
12,-9.999398537668752
11,31.764325020334432
12,-2.434838106225274
12,-1.9729912729268084
13,-29.47009749747544
12,1.8681554231788096
13,34.214756333062454
14,1.6726719065712552
15,-0.7487502308852328
15,0.9388928376926242
14,26.919182233351474
14,31.12416359868235
15,17.451291159092147
15,15.100945138047742
15,0.5036499925131498
15,0.6846584038955618
14,-3.7265694946870482
14,-7.653234047225357
15,1.5246478391565574
14,2.341421709254635
15,0.14071967940364116
15,-5.147598736276107
15,1.6863188930108188
15,-0.40325441412272006
14,-3.7438737281130416
15,-3.841899504844244
14,18.730225311237895
15,0.9483032229712476
15,-23.35531380341385
15,-0.03896937021366274
14,19.907819383922792
15,-0.5383798252709029
15,-1.5314139392253059
14,24.88627869390209
14,-0.2437155188916534
14,1.4287125205108195
15,-0.20011145655745527
15,-6.062830051470245
15,5.664928481464627
14,-0.22122928247186469
15,14.779357093803231
14,4.8110405839732735
14,5.246215713004354
15,11.908604130546106
15,13.38529495370171
15,14.298112880160668
14,4.813453324914331
14,56.223246359682896
15,3.1472866154874146
16,-8.781224345912293
15,0.6545273821788984
16,9.037267689743803
16,4.004850166032175
16,-0.08186174790338371
16,-0.9322233606554073
16,-0.8048443748865707
15,-8.095965753248404
16,21.324146661252353
16,0.21811456929496742
15,19.908209077795888
16,1.3662634368710154
15,-6.041565453404384
16,-3.9607883743448107
16,-2.677670327396584
16,0.4542631793010211
15,28.24116212704423
16,22.21673469053719
16,0.29138092200167176
15,26.404817318674233
16,10.978845915292919
15,-6.11684227862979
16,-16.402158215402988
15,-9.173704010072578
16,8.782185157128504
16,-0.1596877951502692
15,-27.298539340052525
15,10.657865956244052
15,13.7050421298946
16,14.959408489131782
16,-0.5162579348051104
16,-2.1392036274742816
16,-1.1010155632943326
16,0.5640623995959044
15,31.560323044581015
16,-0.1544330434718689
16,6.305158167050352
15,2.6971588273134013
16,0.3027339366754397
16,0.52312590456003
16,-0.48932124712822556
16,-11.397909344835117
15,23.910458622732904
16,10.211059997866535
15,29.146093649071084
16,-0.4923053625940046
15,-11.502026918184232
16,-0.16950546132548386
15,38.75031646830643
15,14.33091620144215
15,20.086788867455333
16,1.0288395475140597
15,14.127342222930556
16,21.864298511590885
16,3.4411650523671917
15,9.980741052773007
15,12.739927856820639
16,-5.754304561602415
15,37.08286230621414
15,-0.04655904328677786
16,15.48694442222558
16,-0.3567677337254266
15,22.895097184912103
16,0.7240943999769102
15,30.441259388297695
15,28.3525809572119
16,3.8136969793308957
16,13.381800076515695
15,2.8974095252952186
15,-8.463005973012198
16,1.7162558512972415
15,2.514591990027217
16,-0.9126974800824882
16,5.405970001225012
15,28.45251816995326
15,23.355099084875086
15,36.706547593006974
15,26.683752326564417
16,-1.0781573166385492
16,6.970943518985018
16,-6.559005079903066
15,2.5333236575315343
16,3.209002470440025
16,3.931029444066966
15,17.386778693329195
15,48.33104542040327
15,-0.36777374542613206
15,3.4867333158960108
15,47.55343877873918
16,17.469340526960025
16,-0.8997053479288109
16,-5.763047412251456
16,-1.8408048472213199
16,1.467150221853852
16,8.352599312975773
15,-0.22895747957741822
15,14.66657460140053
15,31.746112244658505
15,24.048716093372505
15,48.24420582334778
15,42.73383748877335
16,-24.46428868132292
15,23.53757831003922
15,2.754033430928024
15,13.121803659411553
15,33.00296590806236
15,12.230992485844505
15,-5.102199294672114
15,-0.8623120854861732
15,49.37571147431963
15,2.663514941478819
15,-0.9940216703597575
16,4.490529086378802
16,5.169454437504389
15,0.6594117517956978
16,-0.05979864141925874
15,1.5977605459899307
16,-0.013239860077329168
16,-0.48526971413971987
16,3.775784439032531
15,-2.161519633958784
16,-3.2874143487461023
15,21.456923364807054
16,3.4296270712341057
15,-0.18901127670397794
16,-2.8617142269692857
15,5.4838131697150185
15,13.032335422246206
16,-6.158679780312703
15,34.93556414814576
16,8.370729006075209
16,1.2889266559618258
15,-9.350758752528199
16,1.4854152410141495
15,5.947183924300629
15,-5.08796444488115
15,13.425139195068414
16,0.2707058167483158
16,17.2320044245391
15,-0.3698154648043794
15,-6.141020657380033
16,5.680984619662331
15,4.959502568489226
16,-1.6827021068022434
16,13.086306772825058
16,-1.0363014913050395
16,1.0067413384298718
16,9.919666116588498
15,42.81291575079401
15,15.526378605431342
16,-18.44432074767653
15,22.017007903267604
15,1.634077950536319
16,7.54974027062284
16,9.964231200764646
15,1.0704921869370834
15,2.663167643572067
16,-1.593955613179663
16,1.3860226615932734
16,0.20236223180939764
15,20.686552747384233
15,-5.053279274962771
15,36.83634184948994
15,-3.508471234395969
15,-12.129295290334019
15,8.48902604460725
16,34.350178856505515
15,-3.9317414137196067
15,40.79957857862883
15,59.11252877623444
17,-5.343800480462376
17,-8.227649375207736
16,1.6098610024174087
16,10.981796086247819
16,-2.008479113122484
17,-23.266160175075182
17,-0.12605358887197204
16,25.04767237898615
17,7.528952288835087
17,4.093090372513322
16,34.12530344790029
16,47.00862889478606
17,-0.8958340440961198
17,-14.444588869431215
17,-1.70160907293727
17,-7.157731696891068
16,-3.9855775816058747
16,-0.4899935396740826
17,-1.6249556303032298
16,11.40965401539071
17,-4.077699147086955
17,1.0511131584416558
17,1.0645373230860236
17,-3.3100730474957074
16,2.691322431591897
16,10.576314411306036
17,13.827430872585222
16,33.44629056864975
17,23.12048495852502
16,-0.1507570636422663
17,15.326095594429505
17,4.048581367682511
16,-2.103738413792749
16,4.653746102104481
17,0.9105921189709707
17,-8.32459445468116
17,0.26386951983651097
17,-5.726420073898597
16,-0.535127728311817
16,47.715292242591964
17,-1.0550711264709374
17,1.6585011984977411
17,-5.713528611856735
17,0.3888382859530002
16,39.54944981487646
16,37.32509084256233
16,47.22383182166973
17,1.380608987294161
16,70.6515283401709
18,-4.85190701948697
18,-7.965547097713092
18,2.4859515903402265
17,2.4157880443316673
17,-4.038193222574263
17,-24.051909040703112
17,66.1702562580415
18,0.41391325157193404
17,0.09467409306187233
18,1.7245187071588106
18,2.215170424205232
17,59.539803527578094
18,-0.41526822850960476
17,24.461815313738988
17,27.966981344486427
17,16.576426479864125
18,-0.37356913949846005
17,15.322229848642795
18,-1.8831586131149571
18,-0.48117693080074275
17,55.815337316820404
18,2.5934641869393915
17,-9.416965843563485
18,-0.6433527033175096
17,0.8420058886419918
18,5.429070537601031
18,0.7500925431708225
17,72.51893870038028
19,1.758249531584225
19,3.638796888760401
18,47.37080380339248
18,60.93197577441423
18,-3.1505274202797544
18,21.089825594421786
18,53.86508815745515
19,5.711872269584552
18,11.14182256130498
19,-3.7954437224829625
18,51.72235272208979
18,38.86523133386605
18,33.2647729480596
19,2.086225468775265
18,33.390726601859335
18,24.189063460174953
19,3.326446361292132
19,-0.9190189571777251
18,22.356744709351233
19,4.091042669510848
18,30.941492232079135
19,-0.12588951285859876
19,1.1893835544382487
18,4.843611519999762
18,16.013948123419983
19,0.2189102670939984
18,45.9943323547149
19,2.4480939931642567
19,-0.1526487298404004
19,11.776576763339165
18,0.6858840953394008
19,0.08186138886622103
19,0.362542472504903
19,-0.6181350165318693
19,0.1405910772892172
19,-0.3214459360396652
19,12.90268960159801
18,50.042205508963555
18,56.48234534180607
19,-9.775548250993836
18,63.07198098714599
18,14.741970200661779
19,-12.863653920263236
18,-0.059047441037477326
18,39.920450100936655
18,-0.2539127766396969
19,-0.2410081289628644
18,5.215170916741819
18,37.87251833582809
18,61.05103464340929
19,-13.937926650002236
19,-3.853648502053331
18,60.12469200862804
18,38.10170590656237
19,2.9694097385431157
19,1.7733573892839298
18,2.311995278262053
18,0.7941747045878433
18,62.86919273917226
18,33.01758429617058
19,11.541191866635694
19,-0.10649388158256409
18,56.18406231942966
18,32.33718670673123
19,7.834548539537057
19,1.070317583827483
18,62.024367978563006
18,37.63870474429287
18,2.271816998763725
18,49.08623103384205
18,1.1914764791701051
19,-0.43431255765899096
19,-7.7434644794505205
18,0.7080523547048707
19,-2.293950012084032
18,1.7100834556670592
19,2.018938984871505
18,48.78017172966875
18,38.46236048056938
19,-0.9930359911589214
18,43.851908156387424
18,33.65745423116546
19,-0.058662083788221325
18,45.64635193082314
19,-14.2462649495234
19,0.7501384082509852
19,3.5455966205838063
18,50.63818155394509
19,4.477390112260981
19,-0.43273490728637953
18,2.113811458329094
19,0.39783830205157494
18,0.6911532621648987
18,3.310569167509339
19,-1.1942253744206557
18,-2.0416380406376065
18,63.58758043601394
18,13.183837028957564
19,-4.352771433229476
19,-3.372325842953148
18,51.154417795527706
18,40.073924912649794
18,48.526354648141556
18,50.95730327926116
18,0.5993283948398616
19,3.155831108747616
19,-4.560263089491073
19,2.0004526394619564
19,5.8834827333295605
18,38.980309823021315
19,-0.8159461577125164
18,0.8283291611534731
18,56.08232629073647
19,2.57740180585777
19,-1.1608260920427522
18,10.059145813074581
18,2.8525308002676915
19,-0.5708789690517749
18,50.51714690249326
18,-1.1348512244601543
18,32.30717127741989
18,2.38310184646148
19,5.6781517407965705
19,-2.186544801805149
18,53.98233637921277
18,0.30403450443723024
18,2.1502491518851405
18,0.5742305263581571
19,4.5216351372370065
18,27.68854000584462
19,-1.3059720457806756
19,0.5806947120181747
18,4.67457767439228
19,3.5478112862868487
18,2.3385781180599023
30,2.7134173250212053
31,18.279797685587297
32,17.762351929898326
30,1.3447321253061175
31,11.38350827457664
32,-0.5993876407607506
33,-6.868919233024268
30,-3.1883393449155935
31,1.3015992981382891
32,1.1005684085868932
33,14.528153037751792
30,1.497498024961388
31,5.613535237008126
30,-8.9380088327153
31,-22.244940281433344
31,-13.050908852043076
32,9.831966779112664
34,3.020939905657892
34,1.6519340468956247
33,-12.409573675453194
10,10.084123060544414
12,2.183932764977485
11,0.9311446735820057
12,4.587676168540835
11,11.24762753518894
13,24.150081959530475
15,13.5176999247132
15,10.49298583107382
14,8.647923943044155
14,15.638421213386938
15,-2.713226269082324
14,31.871352845677016
16,6.813193195421494
16,-10.734063279208822
15,32.42063663034523
16,24.17601226571234
17,8.477519786851117
16,6.503462457702639
16,27.864420554120784
17,2.4764666783858353
17,13.628089974991349
16,12.431680227889593
16,36.40976367415337
17,11.126712154410825
18,9.497065524968047
10,-24.424253960230825
12,19.73268974301389
13,28.32224180973181
14,15.114149712706688
15,12.000846620060805
14,28.82908252970629
16,22.227913742901464
16,23.409411963309278
16,15.37122561507064
15,20.65258973426696
15,30.30870676254075
17,30.17229872033028
16,27.419761658974725
17,13.379313261660108
16,14.488228742511618
16,22.46247111490696
16,0.3318932883214703
16,19.38703245666426
16,20.59275895850476
16,11.596237134270783
17,-17.198479372020028
16,19.972333778166306
16,16.79252024561595
16,20.717503593445485
16,35.95687529476368
18,13.532330805378987
18,15.368627219090083
17,34.324457412108316
18,3.8104403687644215
18,1.0234160515089727
18,12.42667518972209
18,27.955042317788397
17,16.963144472879186
17,30.420303871141492
18,5.796497731252893
18,23.120017470551947
17,18.573569529099075
18,21.378892979679573
17,29.47749047690424
18,26.139093906573653
18,9.584189992281654
17,22.46129251429295
18,6.098730509310314
18,9.10852252840441
17,19.533153341276225
18,24.193682083763008
18,9.759547869873428
18,27.602060475587905
17,28.45319463536034
18,29.65905332458184
17,26.2474519744837
10,7.125680874639694
12,49.11341268269632
13,35.902683654658006
13,34.596535608617735
14,5.953909109652015
13,45.48725764986277
14,19.46893674334447
14,18.038708265114597
14,-25.601188862541207
13,17.956321342622598
13,1.867547246518181
14,-4.862742143587831
13,41.64033551190245
14,27.59586697836913
14,16.801474922971334
13,40.92148942715052
13,34.77895906664515
13,32.87427560826161
14,-14.771386230610712
14,6.303858679905641
13,41.92683975168168
14,46.479795871356146
14,30.788686060257184
14,59.71485038961488
16,30.95335454950186
15,38.44894186551016
15,44.700522846689125
16,11.26077342986359
16,25.088994035814803
10,-15.944345407089905
24,-0.6833990476640235
29,-5.467690348698419
39,27.196690841372234
32,-8.556154704551432
22,7.050790658554269
20,-18.257411546350852
37,13.800137728822587
30,14.327874238926697
43,-0.30989551817619454
34,2.490740041810664
48,-5.343748318013341
10,12.756891559176346
8,-14.12894652430775
17,18.543023670849422
9,20.994499192625856
12,13.527924065684267
13,11.665778125523662
48,5.194348518010599
37,-7.2042674065071
11,10.538626928850395
26,1.7011684514818737
30,-8.683139587396225
41,-0.30445922394063246
33,-1.6378711834938253
23,8.83297925480438
22,-18.370736110905813
39,6.66691845353948
31,14.508044489840517
44,-3.4188625108108366
34,-1.4017631757738414
48,-4.663796296260664
10,6.150120721405337
8,-13.269190778397292
17,-12.778309592373498
9,18.154435331942754
12,12.566907689748135
13,37.20310095853477
48,-16.34199904438012
37,0.7836547021385655
12,-1.4268749777106775
28,-6.159515977550968
31,-14.13165275108321
41,5.031684143907627
34,-6.838242496345657
24,4.224451636540054
21,-8.130038966344655
38,13.975111419222223
33,5.798419026094753
45,-11.458392335834722
34,-1.262673204651238
48,-3.498731887841609
10,12.446773901735408
8,-1.449384750120163
17,18.391691011552876
9,11.30033873090078
12,13.43717087435364
13,27.325020561138462
48,6.882787809173127
37,-1.7743015954309147
12,1.8997486896608025
28,-10.729073287369781
30,-11.347719344728445
41,-38.01494562962937
34,-4.484449975683465
25,-1.4931618849707218
23,-14.021838785558288
39,6.887721754924448
33,8.276850739180738
44,1.0207134511087008
34,4.518165179120905
48,-8.244446803319764
10,5.167205770776171
8,-1.4616102487622975
17,26.79899797959034
9,7.655618646778799
12,10.14088669532468
13,44.186146359795586
48,5.990890949764434
37,-6.631831624248544
10,-1.522132302071189
24,-2.2850670154635933
29,-2.87148121274643
39,8.297074976388899
32,9.522056185428013
22,3.2401882414410075
20,-0.8109560772963063
37,3.8692316036950762
30,24.501227078600344
43,-21.518990833698286
34,-8.040677527890503
48,9.534867940475962
10,7.517970591085815
8,0.5819607655010304
17,-1.8418132364290443
9,-1.1286968318231507
12,1.2057204264622645
13,11.74570409446903
48,-11.667128283347735
37,-11.187054564873604
15,6.524530183667034
27,-20.088473564919347
33,-1.330520702229471
41,6.3563561601716145
34,-2.5083947843950845
25,0.2769578326063037
25,0.8210257833676242
42,6.096358595745418
31,29.538245939437402
48,-12.026649734845861
34,-5.19699294915648
48,6.300572961025434
10,4.418593946144486
8,-8.580930004416176
17,-2.422670390291714
9,0.5427526596952699
12,1.1627265101605413
13,18.415673134505226
48,-3.908359489852163
37,-6.115632199797907
20,10.016030263997287
28,26.28028952993752
35,2.161424809176697
43,6.21821915498067
37,-1.0185992811590054
27,4.687035334220849
29,-11.956934821776777
46,-6.060128638019952
36,21.06205760212978
53,2.2954222656593952
34,-5.383041002623043
48,6.94068449324642
10,5.534206630670909
8,23.730021877374718
17,-1.8084671154517071
9,-24.083324596851412
12,1.1705914117565392
13,10.607625479546108
48,-8.866297859549027
37,-19.754325388165192
23,7.581566645123737
29,-22.381936638444916
37,-3.482280619402882
44,7.552409817201936
35,-6.254408843985947
29,1.474976077938264
26,-3.500803419568306
47,-9.234690779151787
36,-1.5928476653782289
54,2.2231264693557384
34,-6.392403327905312
48,7.891863035117538
10,7.7195731745018294
8,-0.6825231729790938
17,3.6755319857101925
9,4.416334561023449
12,1.1255907003698546
13,3.8481196712747883
48,-15.538065440948774
37,-15.509883276621416
24,6.230869943067493
31,4.527588136913253
39,1.1820718701036004
42,-6.535331944542502
34,-0.33037460564450033
29,2.4692396586116856
29,-4.359197744045727
46,-6.854981710361682
34,-2.5636903309740817
57,6.605117991229705
34,-5.527931142772065
48,2.51655309149252
10,0.30076460450512216
8,29.526635391428396
17,-0.41727958172460156
9,3.331274006159401
12,1.087259147756939
13,12.356657342866878
48,-5.767591937675781
37,0.06883685577862773
24,6.442069856910714
31,16.319035403832743
36,1.1738959071451835
44,10.251924383895322
36,27.23192196969995
28,8.9781613502646
29,-11.245840066507967
43,9.40795059895199
36,8.366177947161722
60,9.283728813130685
34,-4.4276264791358075
48,7.370073594063013
10,7.270701057964484
8,28.401579451135667
17,1.9194224922314023
9,-0.11236441358443434
12,1.2108015702752708
13,14.191566105571765
48,-12.006732957841526
37,0.17498203243764782
24,9.094011192084038
32,-10.932247021039123
40,1.995809414483053
48,-0.8847847778392809
39,-11.773799700937724
30,4.100508683208525
29,6.2651953399996625
44,-0.4758059401464903
36,-10.503892404300924
62,8.981188212581468
34,-4.062485451010218
48,11.834183719178942
10,2.52563476260467
8,-34.86744977070481
17,1.8491048257711515
9,7.075454678488101
12,1.0890451282837452
13,11.889467721690108
48,-2.3468701431596912
37,-13.743583794769789
24,3.0924946973790366
32,2.8930804633261635
38,0.30874817940866617
45,9.582600897417421
39,10.323047330622659
30,8.351416591871262
30,0.8186529823844473
44,-0.5856879495667662
33,-7.086313745564049
65,9.245046768607835
34,0.42453053945153485
48,11.154526411852492
10,0.40533046553654206
8,32.70877574055521
17,2.2627186802451376
9,2.7069182033726675
12,1.1786119338488752
13,21.438676927676283
48,-17.586040851718376
37,-9.782143763040555
24,8.643400644301357
33,3.7424009086498793
39,2.679267176861213
47,6.014535397783566
40,3.271974805425642
32,5.013990936803778
30,1.9759681572903511
48,1.2639323661351887
33,-2.438665124932786
62,8.295257748780521
34,-7.329179539085361
48,6.609695734200626
10,0.10220111955625714
8,-5.0362513081246165
17,4.48499641050635
9,1.1833122539805343
12,4.8623794836812655
13,4.3153861703222525
48,-8.535923785952237
37,-16.358512942754928
21,13.335759113985482
29,8.387600538663445
43,-4.811314111253536
47,7.075400481978137
38,-12.774490119853432
31,7.749912090225165
30,5.490065579195162
44,-13.054316116934423
32,6.048824812379577
63,8.65173720758687
34,0.10322106822530036
48,7.670116769212082
10,20.368229366695935
8,26.97302282292885
17,3.9307435654208946
9,-7.425542275770116
12,10.960747439824283
13,0.8617407666159549
48,-8.881953091242096
37,-3.3613311396695873
23,16.822238772457084
33,-18.288798988741096
40,2.2669290046703514
48,3.8793211443328905
41,1.2535260273186752
31,4.42260574290254
34,-1.1705157606719376
47,1.5704914723440528
35,6.529849234330307
62,2.2831616158185155
34,-6.334027591769491
48,4.816107712168428
10,4.736287428891592
8,28.246304457148696
17,4.515693848621815
9,4.9916912651220295
12,13.060696490491194
13,6.94099101921656
48,-13.722167688436418
37,6.517138523004606
28,11.015609228384818
32,-2.602762955507731
42,0.15316876759119147
49,6.7274850156544375
38,-11.40883281314384
33,7.120820343178012
34,-1.4821769998279244
45,-5.931143185099318
33,-1.760169801911924
63,7.341606115850277
34,-10.952236836532936
48,8.245641029229368
10,-17.812931253410415
8,17.666535993423288
17,6.610035480442241
9,5.2622616335563945
12,12.515119239777398
13,18.343519486981062
48,1.823636430524024
37,5.117458393936212
25,2.6705260308546173
32,-16.657274115961503
40,1.8192861617717502
46,2.829856645494589
41,-3.8713484015170767
30,1.1361473923434748
31,3.545277343270051
48,0.8245119818466398
36,11.177974147164868
61,8.593413267734238
34,-7.896180632151747
48,12.484493859699219
10,-0.7080457481847731
8,54.76152943326675
17,9.213749845140178
9,0.07009625273697427
12,-4.49602455910166
13,6.355689173783126
48,-17.590497328868175
37,-0.08674166881972692
25,10.328422611793357
32,-6.442565400972802
44,-4.356971143548687
47,9.198476546511841
38,-6.3139022869207615
30,3.6271097400454195
30,-2.2672875506273735
45,-5.090879832105498
33,-11.011260135465687
62,7.403105216293292
34,-8.77664057480946
48,14.64396958673669
10,13.186262730942087
8,27.327099741320993
17,4.184181355364301
9,0.1951017180190601
12,4.821236317608121
13,5.794305434437872
48,-13.574425785723346
37,-11.473510920589131
28,4.869370724406371
31,-14.446173296707032
43,-3.0621012643750563
47,3.9223783107582793
40,-6.05530170544395
33,6.788278388729209
34,-2.5568049028365314
44,-9.634299214927104
32,31.944770194775245
61,5.732948835359899
34,-3.292069198112176
48,8.40782487169325
10,-30.686868611658017
8,-4.1866739182119215
17,6.869269136800936
9,-1.626136780952801
12,10.223152495022108
13,10.01720148039
48,-10.858764859431973
37,-7.875154541969282
26,18.9046856872663
29,17.326194206593996
43,-3.003854195747771
47,10.195582944540892
40,2.5067900788616573
30,15.010719954587016
31,17.316446538193528
46,0.2888000411069275
33,26.451449044509417
64,4.487370236228273
34,-4.061561895838396
48,-7.3158123336509835
10,12.582262617728734
8,45.452246282498436
17,-1.7801383387561502
9,19.47049827545292
12,4.793027321888663
13,19.744082038207313
48,3.9770585075434046
37,-5.843328971498913
29,-0.2703523941976829
30,1.1091212272312176
42,-2.1079907623563763
46,6.674751794064116
38,-0.14270319163638923
35,3.182712154686605
32,4.169745688542794
45,-15.388293885631864
37,11.545674705429398
63,4.909830950106901
34,-0.6476249410494433
48,13.020771350171955
10,7.213944359352439
8,-2.7038604578172363
17,4.61080064185211
9,14.364928998037698
12,0.31668303802652314
13,-18.332497898589722
48,-11.349796601635774
37,-5.8151191786893275
27,1.7497802345858178
31,3.2559787450081594
40,2.2549919243531353
45,8.643962543232796
38,-19.77913734243971
32,5.023289724050564
33,3.2100557086412573
45,0.9440730669528559
37,16.715382615922117
63,7.931205732925694
34,-5.79001013222644
48,15.388542796320145
10,0.256694548007052
8,56.637368746973365
17,1.4539649937559584
9,-34.46284714511752
12,-1.7022091992106845
13,17.211538584631676
48,-13.478156295099609
37,-7.8942045812837325
29,16.780405991691037
30,-4.863763382050418
41,1.6439219034686041
47,-11.684471505601765
39,-1.4228131296167987
34,0.5208613769578251
35,-1.1755016647089065
44,3.17260209571568
35,5.264928460823656
64,8.854806452902736
34,-3.8594086748325407
48,8.536397141084283
10,6.410204721131171
8,5.935742759336843
17,9.213981698652807
9,13.860608002242111
12,-19.476888723011253
13,8.391530892179794
48,-6.722545994381383
37,-18.684634337924862
29,5.144697218727795
31,3.9620249832121375
40,1.9653911215279112
48,7.89768968345237
40,-22.05978693776267
33,-4.053198403913996
32,12.610108515474654
46,0.13954248061680316
34,2.5635582581414917
65,8.115150089031518
34,-9.13110200702573
48,14.003001872554675
10,13.815736416176009
8,36.774906807934464
17,8.67508186410332
9,-17.08426998445244
12,11.02607996975032
13,3.2858973862934624
48,-10.541800795611598
37,-0.04291467506798812
30,0.8520251492758029
31,-17.243421559300558
43,1.8468623374833684
45,8.67435392280767
39,9.232814940613359
35,1.574237576304782
34,-4.111735655280322
44,-9.812479464134436
33,30.992247721784203
65,3.1955969949003853
34,-3.8148190421840455
48,8.690367152994328
10,11.73823142832935
8,-9.719195610803713
17,7.996284085699327
9,-1.8116818007925715
12,8.85444294657401
13,11.952032387406245
48,-11.398165305737919
37,-5.544733802835204
30,16.881338739836185
32,0.6263197403759714
41,1.8967945733654348
46,-2.3576100212242492
39,-12.03314595165412
32,9.443463434542432
36,-4.431466273627038
47,0.9085485962283245
37,24.488277456716787
63,26.564168772556485
34,-0.5866265555210165
48,9.790839064981116
10,0.11603298396914165
8,57.83423859731648
17,6.459973638397276
9,-19.628745141361254
12,1.607427182646627
13,8.362761541342778
48,-1.0204940294336868
37,-6.835999197187597
29,5.475324070427426
33,-1.5576268161199824
43,17.1974228579777
45,8.682835524493399
41,-1.2002920302892506
32,6.56399752190859
36,8.483006713549324
46,-4.292036136411089
35,0.4597070232394665
65,27.663574676864595
34,-17.39616159293576
48,11.62944506246794
10,2.5631467883217645
8,24.766915726403937
17,8.129304955058078
9,21.49406451481637
12,1.6364859604005242
13,8.650020710989498
48,-3.4844797313720415
37,-7.759328277831735
30,9.22542152893213
33,2.60565125920472
45,15.736349263120463
48,2.268196984980378
40,0.529552266053765
32,9.007513674654131
32,2.0250533404787334
47,-7.883970171640699
36,-2.6338464544247016
69,1.879104834921239
34,-7.8455217146078216
48,12.693782438708297
10,-23.096313717555915
8,53.882216205690135
17,7.408831737187232
9,-0.7924971081064507
12,-6.551149576922125
13,-1.4273661738390861
48,-7.065040886037809
37,-11.302476753011547
31,3.275411628996699
30,-5.143775038289668
47,18.713994658550867
46,4.582253314097264
37,11.626344891559924
33,2.8673933346295053
33,4.613101319994843
48,-5.052490180074018
33,14.6653278320462
68,17.942844642085653
34,-9.880629695099662
48,15.371149690467973
10,-9.961666440913199
8,-27.236468856301173
17,9.063971158177313
9,2.9058400580740065
12,9.944228098295456
13,22.125364007495776
48,-14.461723298667636
37,-10.7866076388904
30,7.221739585718748
29,28.31128985736918
49,18.297981643299398
47,5.940380696156855
39,-8.846630450688458
33,5.416719188290698
34,-15.352713530178102
48,5.751195673538473
34,-0.22694818252452292
69,9.781579133630059
34,-8.072623945391726
48,6.082563762388988
10,19.436069465597395
8,18.887211514372584
17,4.248077735819028
9,3.939382565137952
12,-2.7292803421623297
13,6.253265225846052
48,-1.3478108703078362
37,-0.1676632555358249
31,4.6656317966609535
34,-13.45251336566717
51,15.211075204208242
45,10.536563665239422
37,11.87101368212225
35,10.176057787340591
36,-12.965089813680873
48,-4.6490466835065885
33,-5.163123619109667
68,4.23377443945856
34,-8.229445612705566
48,11.495612318769146
10,4.096187088354747
8,47.93985254207519
17,10.99236444279778
9,23.926378606992614
12,13.853425267047022
13,22.300479941847374
48,-6.5831203153628834
37,-11.339033853634495
27,5.328622784194529
33,-7.931860694774161
51,17.228055549272632
50,14.121372831812087
41,3.793941260203233
32,3.7625995030452977
36,-2.5199856273419066
46,4.863427781692199
35,12.892671900406095
68,27.334989842634275
34,-1.640783911530558
48,9.658390156446547
10,9.221220418664583
8,41.409158679932986
17,10.48352289667842
9,12.881607029671205
12,-3.5014679920024556
13,23.470461535526177
48,-7.289037561550229
37,-5.978358116183859
31,3.5240999636402908
34,-8.069787233557502
51,18.951013503875348
51,16.376033861865864
38,-5.995885278969094
35,6.860534349410528
34,-3.975609291808361
48,0.8774771729376105
36,9.004788128688867
66,6.290558500016
34,0.3434270608226547
48,15.588480089336151
10,-11.279580708752377
8,1.198935010737768
17,2.02952551470525
9,16.371896799611502
12,-6.422067488768316
13,-0.3592050341693277
48,3.6148201739964465
37,-2.0770225751421134
29,14.58073096593328
32,-9.456369673499127
52,19.187272875990484
53,18.10257603043867
39,-12.919718345513065
32,6.261724708320222
36,-5.679596369676323
47,-2.806551186164839
34,-0.9945988280391195
70,15.614361905249122
34,-7.187630670781671
48,5.133352742293057
10,6.878649037041654
8,-8.722873606842434
17,2.8248751023904317
9,4.461776295654109
12,12.129024055514918
13,13.673441806545554
48,-5.272394848529123
37,-7.153551489335795
31,3.861859482758817
34,14.215555008434936
55,18.94594404933662
57,14.243370593645038
38,9.0140092513986
32,5.22983267534083
33,4.363371826382431
48,-6.947665713315826
35,6.610777774086966
66,7.230379776381454
34,-3.9512519073339014
48,17.224290194187837
10,5.890075536761867
8,15.122595035306382
17,9.514615508318617
9,4.954535291456633
12,-7.720536317882814
13,-21.8121921339803
48,-16.598993225411952
37,-4.963650939982286
30,8.644308648580646
30,17.97044356252188
54,19.293650564287997
54,22.421937229431016
41,-2.967941691619427
35,4.269868137827875
33,-3.2437440491351506
47,-23.868838739544774
33,24.62408199568385
70,7.38095867801336
34,-5.44614618398204
48,18.625342706648077
10,0.26949606886044924
8,30.040444095943922
17,12.912124981382078
9,16.14209692416854
12,7.252860526439911
13,18.060047018033956
48,-15.506911750259388
37,-2.302679751764978
29,6.732085645504031
34,-4.171381905527624
59,-20.184649098521593
59,16.880940542442932
38,6.973597779379979
34,7.350750046642047
32,-2.69824848038732
46,6.664532502287896
35,15.727768802370726
70,10.805870272206871
34,-5.31646909420518
48,10.680858932023156
10,9.56511483861325
8,37.502969044318846
17,10.404912720666356
9,-47.038954352871926
12,-3.4559944906733895
13,18.699246916559822
48,-15.877445194449116
37,1.8730776240398348
27,18.212634971445276
34,-8.41543128257442
57,20.293719622810265
56,29.92309010659937
39,-15.448061062573547
31,0.05659043869299128
35,1.322348319535378
46,-4.300317920184031
33,24.94138045699895
68,-0.472774025526976
34,-5.077174859492695
48,12.678460487177128
10,23.26160615801003
8,-14.60015790093715
17,-9.278310796776774
9,0.10654307800718157
12,-8.03418268187652
13,-9.414810522074012
48,-9.800408002654033
37,-13.761742218508072
30,5.0020194553238255
32,5.135345750756116
58,19.67112206658023
61,20.95291940691976
39,-14.639798740454047
31,13.068759132901988
32,2.1866765635534096
47,-2.4848879293485844
37,4.08351767897364
67,29.755399785697616
34,-5.81300132553348
48,14.025638872900618
10,15.887442446986801
8,-15.944388213690628
17,7.322125939591379
9,-12.836251984640912
12,-1.2992135635919244
13,20.306146820007594
48,-3.706887351445754
37,-7.322441024745543
30,4.116446962333046
34,-0.5037788635458041
58,23.038270936065118
58,12.83250887172023
39,-8.136930761684763
31,14.478160563371363
33,-14.65096125440043
44,4.481831314825056
35,9.465740370202067
71,1.313475929725435
34,4.588815084969756
48,11.27224090258352
10,19.909066233716967
8,41.600574872157324
17,-1.7421108941775096
9,-2.450976164302102
12,-0.9606094400597072
13,14.38635773116603
48,-1.5053117065556636
37,-12.956321304739706
28,2.377029560464906
31,-11.085740489757367
60,24.149532238823348
61,17.827689000345018
37,-10.431652453078726
33,9.091718724581488
34,-1.852298382211457
44,0.9065542218531629
33,34.284342682364645
71,12.399821565564311
34,0.8559294397552951
48,13.49431160528245
10,1.0823975729801119
8,-19.753567233459076
17,7.5073460620671035
9,-10.139589865532106
12,13.539165623666198
13,8.792154603612428
48,-15.705879453929693
37,-2.5951058986175135
30,17.546593440609225
32,-3.507155035335851
63,15.108250157319294
60,24.141220017584338
40,-14.212130601561414
32,7.515106619070478
32,0.7464597415446459
45,2.7014525838514563
34,30.821382141211448
69,24.834512220425772
34,12.02009985060533
48,3.9730670037784983
10,11.562337404657752
8,0.516554583198082
17,8.980034491851695
9,-8.69917127875113
12,13.153188370260198
13,32.07758573308712
48,-6.992066111044255
37,-3.400711769567944
27,-1.9767431391427213
30,15.750293048155106
65,20.198333438034073
61,31.341988040871477
38,10.88147775814104
35,9.199194261084582
33,5.548500810881146
47,-2.055222697620209
37,16.721710590290737
70,7.533264925613094
34,-2.3490730103630675
48,-0.9275648393233837
10,7.226177772174801
8,53.1233786088528
17,7.3179632265036565
9,-14.96780785893635
12,2.1013455371038834
13,1.7848922403039233
48,-10.945054268504858
37,-11.032624408235211
31,21.773482945199518
32,-7.711796207872551
62,22.094486154359473
62,14.50733265481502
40,-8.391956615562238
33,4.19420295260815
36,-0.4788671222840008
45,3.4478973960202963
34,2.4948552040465746
70,6.062629324546387
34,3.896443584734431
48,7.50388083760762
10,-2.062873969289622
8,32.82760701805876
17,2.765609624762001
9,2.345793803576694
12,11.60878176354419
13,28.388602374177403
48,-0.555951216312123
37,-2.5715580483207963
35,24.61973127899888
31,-1.097962125062991
64,19.66143399027817
63,11.187617777232845
37,19.846081721183463
35,-2.0767559656134242
36,-9.552066349840691
44,-19.04603556414753
37,-12.884602119832493
69,7.228310365235186
34,-4.695670927245578
48,4.625603630103485
10,17.157967402773473
8,32.370128074775124
17,2.251156299585214
9,3.804228786866424
12,14.942692956700444
13,9.927897308851092
48,-15.385207397408244
37,-6.569205113175768
39,14.640459733717268
31,-3.2786156759194722
65,12.98748707343515
64,12.458373238135527
40,0.8175768192889253
33,6.456111136496646
36,-4.1915987637122925
44,-6.513391347313697
34,31.305393771168838
70,6.630833408772973
34,2.693646712593546
48,9.777090346862034
10,25.934289641147124
8,60.45739913734063
17,10.890981966973738
9,8.106855460467496
12,-6.73270968835187
13,30.532255580801714
48,-18.06769929550008
37,-11.876218516799675
39,23.383934439739313
30,25.370752478362633
64,24.42735515919749
66,12.633329882289654
38,1.0391721186892764
33,8.63565386251841
33,-4.777051088881549
45,6.983253275254483
38,21.674893710919008
72,1.9636444676536111
34,5.601053919825385
48,12.365656737190168
10,10.779202412119824
8,14.348415638900109
17,5.115933348416118
9,6.702629965155538
12,-0.8956049780545263
13,29.01187439079061
48,-8.77056507412274
37,-6.698088431111781
39,21.24974029826739
30,11.566919588197662
66,17.910517950201353
65,8.299539449867192
41,-19.554133944248
31,-0.09944807764517559
33,5.9731858519129535
47,-0.9165385059516417
38,15.095766647807068
72,10.921990447557627
34,8.110203969420466
48,15.121683327862614
10,14.678529902421968
8,34.31217532484079
17,10.579348621814496
9,8.024327643428252
12,-15.427938786115053
13,16.006238237042222
48,-14.0319570409456
37,-14.9448006627959
39,20.464937007415838
33,-1.6297718470490297
66,24.133828492348336
63,14.21430775406132
41,-5.1176786039173585
31,11.525933886352771
33,2.753686458166966
44,-7.180124497237484
35,-6.950741262938679
72,24.50783776164771
34,2.9805428148287634
48,11.853415227032048
10,-17.998585378586103
8,31.394222644843097
17,-1.0056697954287537
9,35.95351008609902
12,10.249894907438025
13,16.85809528576222
48,2.592520159049092
37,-4.520344709016657
37,21.87891230709369
30,13.433742766507066
65,19.62713442601109
62,17.65214758565984
37,-5.308635551033419
34,4.264737867618403
36,5.647726076905874
45,-6.7545639995321025
37,11.155972963302647
69,25.195088072499885
34,9.613232816617067
48,11.149477512045827
10,9.43823230259262
8,18.525087086509533
17,10.591105555341176
9,23.456384424773166
12,-2.5121845808661414
13,18.33794031170983
48,-12.728875758601761
37,-3.376557649695636
37,22.984706759246293
31,-5.69601447722518
65,2.515941243822353
64,26.724984449895445
40,-0.34251744674201134
31,-1.4936859748386793
33,-1.5047725774837841
47,1.6514813322654953
34,27.96848454501111
69,4.865196177601862
34,9.19063763046865
48,11.897561251273896
10,8.519799567184206
8,27.5292263337564
17,9.409169850284329
9,-14.58085009810949
12,12.23496431286984
13,-15.034975911086564
48,-6.459458939785319
37,4.872865778608354
36,25.14695402306168
31,12.139492265304046
68,17.895210410287564
62,5.44519843257285
40,-1.17092558745651
32,8.131400855713483
34,7.425275929171732
48,0.15331262246080815
37,9.695919711761492
68,25.709913811734516
34,4.117960977994967
48,12.014502476723113
10,16.350053991875487
8,40.482430608149436
17,-0.6346825214298886
9,-18.550650876602383
12,-4.164132252808352
13,24.362304046737194
48,-0.09425769141354623
37,-2.172472283684429
41,22.424883652404933
33,-10.265088375449166
68,20.787475531872524
63,13.109863282838031
39,-8.278757897095325
32,7.246711746542084
35,3.602305445596125
46,6.481262645639612
37,-2.9229243253805026
72,19.356562805690107
34,4.377486421418445
48,12.508958954433528
10,10.959388494928856
8,10.078720648799735
17,11.733649303296392
9,7.658350659052865
12,-5.366021412380077
13,6.715407885668055
48,-9.418042378247911
37,-5.056539582895488
38,14.695852718183673
34,-1.257546546618109
69,16.580138564595458
62,14.172089043448642
38,-15.033778229378768
34,-5.920821032769671
35,-9.16811420970628
47,-9.655187351138824
36,-1.7994507998629836
72,3.005012740790212
34,-4.525772886464525
48,9.221051154352686
10,-5.6423372793787046
8,20.03000821035448
17,10.041958783240215
9,-6.413433737995286
12,-3.169102094773848
13,15.211044900199987
48,-11.336501154223807
37,-11.34031457009823
39,25.032073968401388
32,-13.286887845818839
65,19.203679439867457
66,29.514102815859307
41,-1.4022541120684042
35,2.4385325532118816
32,-1.8442749154428015
45,-14.85977666344885
38,7.822417030530902
71,7.650658836994289
34,4.09474899236071
48,13.906810050225173
10,17.261253422113935
8,5.341622032754444
17,12.265192689210195
9,18.242962286758516
12,13.968251512566516
13,0.013817645182801503
48,-12.146509664968246
37,2.615531970062624
40,16.427770195672636
31,-1.3692372351098825
66,16.23394247739335
63,19.15896943594409
38,-7.629071881547725
32,7.469737952447647
36,16.899360585638725
44,8.121311479128678
37,-3.70023784571661
68,7.200421321887949
34,7.635063528842104
48,1.5328994417797932
10,5.501515175640423
8,39.19255639368713
17,8.289683399270954
9,2.8263757375655607
12,-4.284445039689325
13,15.046035397578395
48,1.7198450560529506
37,-14.967023372344608
37,21.2413063215402
31,-4.6407852353515935
68,18.65547074912295
64,28.169759264260147
41,0.3036063132043259
34,9.143721100784228
35,-5.074875555777185
48,-4.0819880103852455
38,10.152291802093048
71,25.22098402137943
34,-4.342265001177898
48,6.119591449368185
10,18.56041620383422
8,41.17907586310806
17,12.087013904037816
9,16.582115250477823
12,14.144589786404964
13,16.67766745729541
48,-12.813435610221566
37,-0.3973194740123127
38,25.72328054357974
33,-6.163055073032753
66,20.488458051287914
62,13.716258094022464
41,-6.943798948337683
35,8.242563116742938
34,2.1468966561700285
48,-10.663618526711613
37,8.811526865388249
69,7.527881526181627
34,5.06825606720194
48,2.7083327403553477
10,15.688270606389281
8,15.329083045297908
17,9.973097879344506
9,13.162545869583349
12,13.298282445998355
13,-17.531773253833773
48,-6.770267570273471
37,-2.5537628661726632
42,19.276240159742862
32,-12.061591980255121
66,19.09174469616884
64,24.519055406043705
40,-14.139043410749716
34,-0.9662853128774435
32,7.237383816190425
46,-19.735545541249756
37,6.539389079292636
70,22.11502442543262
34,8.35565002371033
48,10.813114699192292
10,8.301931799327841
8,54.49476012109039
17,6.017317202791591
9,22.655684776064767
12,-1.8914751199363717
13,5.516465799317948
48,-16.299588672675075
37,1.394063861466654
42,2.9955796883057557
34,-7.462147443194832
66,17.943076213544707
62,26.171195755177305
40,0.16278738149360036
32,8.953809831722166
35,0.14515177738617943
45,0.7727482123236641
38,7.760781586358581
68,31.463696037916918
34,7.380051068593433
48,8.939612199979356
10,8.26915529899564
8,32.77617982815331
17,-0.9385516821617756
9,-4.84434593423627
12,-3.221084872337454
13,18.818116448258802
48,2.118383600561161
37,-8.858983310220898
39,25.957182795988185
34,-5.834430478732284
67,20.151670397667573
64,15.371810090432492
41,-2.504017681905797
33,5.816170887714652
32,3.223599548667932
45,3.4017055677126273
35,-10.84477164066243
70,7.083665165166815
34,12.896637853943684
48,9.40420521053918
10,6.7247367795678255
8,-32.8993810461806
17,12.891979058068594
9,-17.746064007494088
12,13.705259347579501
13,16.87487770367134
48,-12.324432444433867
37,-2.308906291448217
43,25.00842480719614
32,13.483366087147367
65,20.757082140931175
66,26.335101930060926
37,13.635642445480148
35,-4.726889992320179
35,13.409714581098884
48,-13.184253860390989
36,5.178222602452363
70,7.71085264240528
34,4.488396836639692
48,14.8363593983259
10,3.214784419800197
8,61.13968992194995
17,13.669015497622059
9,17.263575132455767
12,8.820583091149462
13,27.920891112876873
48,2.7678940904352816
37,-3.278431105511573
40,25.306988893184812
34,8.085218913247573
66,21.479439560237402
63,12.995435053634736
40,-3.8952283457608243
34,-3.0334460039439493
33,-2.14760175708635
45,5.069326044686045
35,17.494192834240128
70,3.9871704061363378
34,10.313018109618854
48,11.932115491325195
10,12.614664989021598
8,4.930733079209401
17,13.1760121720194
9,1.7773277815897455
12,4.38791176429
13,4.915200914780372
48,-5.532767185667792
37,1.2539518665423401
43,14.565946597349873
33,-13.74464313006363
68,15.361865402923005
62,11.624528368818794
40,-6.1598839465438235
31,-0.7242831783047201
35,0.5787806422269878
45,-1.4034791644306146
38,-3.088127448080467
71,6.612715556747768
34,8.921777422910603
48,13.10633838897555
10,5.288888109193129
8,56.43770458508851
17,-1.9921381926285442
9,-5.070043912738628
12,14.477361500308279
13,-13.705682626846698
48,-3.5558421788111656
37,-9.440802656669705
43,3.147695061395757
33,-9.433618116497811
68,17.230566819744336
63,26.479422512568537
37,4.065793514616923
34,10.64191197440165
32,-0.1339329343295653
48,-9.92282764599107
36,-2.459627167001828
71,7.097827791914818
34,0.05557842467765746
48,20.40470581656298
10,6.801631835048604
8,22.884159128469435
17,10.553381608383086
9,19.260728362454522
12,13.002382106456082
13,24.61669370425165
48,0.637945905133064
37,-4.411338156243466
41,22.054989509285573
32,-3.37608899768239
65,21.867657763609486
63,27.00202337843541
40,-1.2520594712055335
32,2.1350719540417256
33,-3.2495687000424036
47,-0.2543255202711226
36,-8.307237563038306
70,25.20973838569365
34,-6.617567107592061
48,21.753762415061377
10,4.602430819496662
8,28.066762114135063
17,2.8424028204841516
9,12.502984882871091
12,14.637106989921131
13,28.293480891582217
48,-6.5493489926491595
37,-3.6674812456493884
43,25.569561839400908
32,7.199842544313206
69,19.09890547264428
66,20.944950973270924
41,-0.7543297804654275
33,18.064970812947006
34,-2.0535068661018174
44,-14.57662159456387
35,-0.20992612788658455
70,6.980215443270175
34,6.703865827546609
48,8.135535809778368
10,16.33554632817047
8,51.44418918961356
17,9.759838324520732
9,6.52783934311262
12,5.816568613244163
13,18.935772911546064
48,-14.204639640440785
37,7.6409999128342845
40,22.305117142967138
31,-6.422364384293409
66,0.4662252966271566
63,28.5376948418789
38,-7.493869499205481
34,15.915395826192444
36,4.006642765226774
45,-5.151630055194108
38,7.79950839306137
70,6.405867544054869
34,4.629043759728186
48,11.469173796936365
10,25.071431753973773
8,17.869939657011052
17,14.171270742963312
9,-1.953733376255603
12,-4.804833612728557
13,25.33615044274321
48,0.8287078976515796
37,-6.886860664799417
43,21.6470223598399
34,-2.007517508190502
68,7.161161257695703
63,30.565455040234827
39,-8.333980403635113
38,-11.254838231986906
36,3.5960389016394796
44,6.757330542800533
34,7.399702565072976
72,23.715112733774998
34,6.54220717025429
48,21.461719130211087
10,0.2115461051364544
8,1.5761569333411842
17,12.748889957581424
9,-16.84630754791052
12,13.629248257154567
13,6.283501061259179
48,-17.695735841027613
37,7.700475604619274
40,14.525678890905983
33,13.25574620967843
68,19.662188992905026
66,9.239577438439149
41,3.2922041073015453
36,5.320312470927007
34,4.170744439475368
47,-0.15977008945160426
37,15.862411047368962
73,27.11901727218698
34,4.521066619780095
48,20.64065962463897
10,19.20587466815796
8,27.562795955418625
17,11.545169825885592
9,7.286521559522983
12,13.78902467610538
13,14.857763332410434
48,-7.073354569979187
37,-13.684215942653427
44,16.116042735865864
32,16.419919951738557
66,17.022467299906694
65,27.085688411744595
39,-3.8333894761133953
36,19.193160783908276
34,-5.096435134542895
47,-12.694148574557875
35,2.1421830361202234
70,26.305577686606046
34,-5.978852363419152
48,-1.5813542014761168
10,-19.336883064877398
8,-41.659408173730405
17,-0.8391559005703628
9,26.435504174224643
12,-2.3829074808543944
13,24.728923128327445
48,-10.147832254452355
37,-8.39946848140562
41,21.419536569905695
31,-0.42153348103145205
67,19.06623465065808
65,27.053162918322098
41,-10.45306854888215
40,9.323289263101964
36,-1.9013113327987439
48,2.7227341454723666
36,2.9948118691747725
69,6.731927123661224
34,-3.7124312000199544
48,23.103959788921888
10,11.612483290740894
8,43.292487411055106
17,17.06756110511442
9,29.530147031489584
12,-0.9794264590973268
13,11.320827867197991
48,-13.202974427096233
37,0.6878913039253007
44,17.208281229312746
33,6.149068398802944
68,13.732054093835908
62,28.902974350600452
40,-7.3334499391911026
38,9.199474687376764
33,4.65235689512228
48,4.042287808672771
38,14.091417884667308
73,0.024227537943531597
34,6.9247050590463
48,11.895216992185373
10,7.157644987761408
8,4.508841935420184
17,21.107696650256322
9,5.604502067001849
12,11.16255636164829
13,9.533775878978863
48,-9.795038479374401
37,-7.162909347646841
40,25.311252621864266
31,6.744932781652554
69,18.850638878979087
65,14.746623949208926
39,-20.801301827606245
41,-9.679546991446392
33,1.3772016503150175
48,7.703837436444424
35,2.2021515830226805
73,25.464780055580523
34,3.6805011662412292
48,10.896185682087056
10,18.3620716166703
8,-7.042653157604299
17,-4.669119662452828
9,-3.027670371730018
12,-14.162885584759415
13,16.995672095300836
48,-6.166511158200027
37,-4.413372243613796
40,25.053167878201368
32,9.506404731026457
66,23.791204222231215
66,11.450597355628245
38,-20.325351313863106
39,14.032492202794131
36,9.16300338676083
47,-9.530575269900249
35,4.407296564624147
73,0.612243826479369
34,-1.423840351092379
48,23.995399511130472
10,8.136109307159131
8,36.15693772036672
17,23.992354387173876
9,18.353602180883204
12,14.096719631530037
13,3.48773042506286
48,-14.140883198877852
37,-14.89163534708087
44,14.496462854372115
32,13.439696293966328
68,-3.856637554343677
63,7.477815389644471
37,1.3126760724687085
37,13.00874110438162
36,-3.7256825508398594
44,1.846449676986618
34,5.855708248189988
71,4.516489543657704
34,4.7493096057988184
48,18.104707581962526
10,-14.36416049178206
8,27.952184408048023
17,16.57594342624979
9,10.99504309525882
12,14.471554327761861
13,17.416740032799922
48,-2.4793307079597966
37,10.48498730397981
41,22.20747647108384
34,6.384328479729234
65,18.48058743506272
66,25.977649026637945
39,13.549343372286796
37,17.27345649989185
34,-9.762220168036702
46,0.7535746806769095
35,0.18475999020258094
71,6.872149314815488
34,8.706782823469995
48,24.391429291755237
10,10.972165545495887
8,19.358076322001082
17,26.488556634465535
9,-5.587282886048253
12,-5.670342162161491
13,23.94672934595934
48,1.2013163125211666
37,0.18238140074671888
42,9.813866307396497
31,6.497034906221351
68,15.80677593557451
66,9.544225724167418
38,2.3867892288452843
40,-0.02942326527112562
32,2.559096848052047
44,-9.916174563053858
37,9.843472934938887
72,23.024453336618002
34,10.809886388471345
48,19.087718081341684
10,5.453427077048469
8,8.25767954489945
17,20.535207762888486
9,2.625132412801572
12,14.350263523214824
13,25.401512946924058
48,-9.056309986494405
37,0.20750002077277616
44,16.027658129842777
31,-6.446039681267272
67,21.627901619743607
65,8.041406249029885
40,-9.607692227658015
37,-1.1366847455184697
32,2.1866765635574885
46,-2.5480329447608465
37,0.15756430386393389
73,1.3470952679212778
34,4.314419964648043
48,18.70576534475203
10,12.763508365036829
8,53.361652923211395
17,-0.6610579371801893
9,4.698361819463395
12,-1.6867891224100129
13,22.822813759416384
48,-5.865804412602338
37,-22.57225444675505
43,7.671333544478374
34,-13.224529916222014
65,20.85643458929619
65,11.797260896850993
37,-22.129409605074308
38,12.341583670310817
32,-0.5811416982517966
44,-1.335869799007174
37,14.2715328219775
72,24.511247451724458
34,12.528065527551501
48,13.285655538109843
10,8.982396979729065
8,29.49212364417277
17,25.98257511613007
9,30.143185636549976
12,12.64644107180364
13,9.288032233130789
48,0.25791445542865066
37,-15.328194763933336
42,10.925087860522769
30,15.723754512607906
66,19.092459441157608
65,11.46971854480938
37,19.9823178945632
39,9.177768206524421
33,0.8124563874833024
47,3.0013051800197625
38,10.770042093352394
71,23.893425082332364
34,6.1821844726561705
48,17.65485386379717
10,16.720523097952075
8,-2.579066647119847
17,23.04509278791314
9,31.59154522474147
12,-8.245861743670982
13,24.558787796907623
48,-14.186926472829434
37,3.2655679273903426
41,21.725221142789263
32,-0.7612573930910667
67,19.17733295706973
62,33.62514199820071
39,-4.244766507037442
39,4.7985385882035745
35,-5.9983003677943625
47,0.423599878904399
38,16.383139113366255
72,1.9405201806666927
34,9.397460591520858
48,9.34649831412916
10,9.772999875445747
8,50.96635244313888
17,-15.710724121247727
9,10.6511194375372
12,2.78421593630715
13,-3.9780911813590674
48,-5.956231937655718
37,-2.7576016322756702
40,24.892586413651014
34,-7.002531701793985
69,19.236960952041954
66,22.481175690628827
41,-1.5415679240717906
37,-2.7130221233853833
32,1.625221213350874
46,-14.85410854084739
35,1.525797535285711
73,3.1577986642278444
34,8.412303351859551
48,19.532626238430932
10,-7.8021409601710285
8,-10.035651752888041
17,9.6081420456046
9,-4.946085170089801
12,14.47961507107144
13,19.562372489686236
48,-10.298807225383722
37,-12.00755733852972
42,21.29033938092202
30,16.833729153941835
68,16.93132176925594
64,5.43993788720459
41,-1.3344765220296293
40,-0.8641233956198769
36,3.0569781585680977
47,3.9774258861223784
38,1.6400852996525646
71,31.269816335893413
34,5.903236940177291
48,16.293426487617666
10,13.611840506760164
8,53.4632850913506
17,21.39458259600279
9,-1.4300634485201333
12,12.804803692121975
13,2.0610785242226184
48,-1.2272239472263364
37,-6.424795570419395
43,15.018647365387421
34,-3.50457350203286
69,17.395751686152238
67,22.72192416350361
41,-9.107749337220442
38,-0.795672995072808
33,-5.939218980702355
45,-9.107763672253085
38,12.897299492374088
69,31.074374354092814
34,0.8949264166709485
48,13.111097706929161
10,-6.612757584965495
8,3.8105560514616017
17,5.081093164767118
9,0.978431673776544
12,-6.010270230450105
13,19.56818905775292
48,-13.502392392362152
37,1.596734541319544
40,27.339173962613316
30,19.661279783140536
65,15.096304623026551
66,6.923148019388679
37,12.769733643388182
37,-2.273142874218423
34,-0.07267093225717557
48,12.46199034723961
34,10.223011141476665
71,-0.10220543090036602
34,-4.280092276718745
48,26.754975079786036
10,9.486601579388797
8,-6.268842907522148
17,11.71130382728457
9,-7.8268110196169065
12,-1.632561853730889
13,10.21868774570061
48,-17.242642443943165
37,-5.546424515206696
41,28.73261193043281
33,2.9104778814719117
69,15.949588989705878
66,33.30911392045594
40,-0.13458363529133244
37,17.44648543627329
34,3.9373459497097887
51,4.237407851302531
35,4.387096393857454
73,-18.000685136917497
34,-3.5508155785474527
48,13.96239756534637
10,3.29098633910379
8,40.527300303814826
17,-6.945923202043924
9,-2.8411631588564674
12,14.616738376484687
13,28.29453865687541
48,-12.89931623526961
37,2.871127668523764
44,21.697358526725196
32,14.650262649922796
67,20.52191198741361
66,25.0859811520233
40,3.7945682480503495
38,5.364325780099596
36,4.523748619546693
50,-0.7737877703362013
36,-3.9706618274391756
69,6.912791838596537
34,6.028471867053758
48,16.02023901793978
10,19.192963543061584
8,20.589734586989014
17,25.38340580603519
9,-3.68603397086929
12,13.653977806739464
13,21.644141078873066
48,-11.417931584624366
37,-0.9021945679068728
45,8.36096817809961
30,0.6799452679690727
67,-15.532219340821323
64,12.250871049900173
41,-1.891878782592382
41,17.17834115366929
35,21.648355713907208
52,0.9201034202928766
38,2.2551338296617547
73,7.117093086790868
34,2.5935374689642776
48,23.09255656288872
10,-0.14675800088512114
8,18.169428011516253
17,23.255274617995838
9,29.8414341939494
12,-3.493660528337521
13,14.375572853596864
48,-10.950955274179524
37,-5.016314066105084
42,13.151619929886206
30,2.8244075577583687
65,18.213880073001434
67,10.154741076930513
38,-7.738627483419539
38,1.0128351286424988
39,6.06050874021324
50,5.770413698304713
37,-9.56655779914977
70,31.21234341906629
34,6.847388428931438
48,11.15884486888475
10,8.185742016342235
8,49.29119836540073
17,22.755651601864983
9,1.7849968774461438
12,8.593415087760638
13,-17.45814348156517
48,-9.25816860872933
37,2.7026664952151798
46,13.597346762015421
34,-12.826683457100447
67,24.47260993900492
65,9.1441875619993
40,-8.930975554799561
37,19.33808891959598
38,8.763688181989767
53,12.745560566718538
36,14.6430358642958
72,1.7966417560384853
34,-7.476036095963998
48,22.914501811988796
10,1.9676664048373562
8,12.269926202466179
17,24.346827825822857
9,-1.359720960722861
12,-3.268809585226914
13,5.935592937653689
48,-3.743354002548351
37,5.631836338838788
43,15.10298451954492
33,-8.270970675639282
69,19.574814513876152
65,21.995294225548825
41,-0.9006527510797285
42,5.346682607412815
40,7.864830360008107
57,-1.7212556073943444
36,11.83455258010783
73,1.3858989501003598
34,-1.2435450751946246
48,14.058241126700288
10,14.996509544011456
8,20.895822675468164
17,2.1546771993988894
9,-13.751153833550408
12,13.093821146414655
13,9.986589442877534
48,-4.341036825455188
37,-10.326202704476186
42,15.303975593084221
34,13.851483811420295
68,8.42279629361411
65,20.861280442354875
37,7.048015403187985
41,8.341412371149149
38,-11.175026969546957
58,1.6314995193872563
34,36.1922297612482
72,-0.2451532969962466
34,0.7554994483371436
48,25.097401041674907
10,-4.074092652491743
8,43.84601621085327
17,20.137112893861943
9,14.645210907454917
12,-5.964819062678188
13,25.49752780920116
48,-12.578512793353827
37,13.369522061654507
43,28.291462617886545
30,24.819409592680373
71,17.666409448166895
67,16.85479802861383
41,0.489345843045573
41,-4.483183768825995
37,13.508126499039399
56,4.549616752238813
37,15.187783352988113
70,31.47936905146029
34,6.570046394143121
48,12.50863962405737
10,10.535636841891096
8,65.38218225420297
17,20.82175889739728
9,7.562471031287056
12,0.4264015826815494
13,14.769515488521813
48,-13.335348992661046
37,-5.682241212625824
46,12.298012906380558
30,20.19142991093259
72,4.0419994409713125
65,14.212269384897308
38,-4.075535426641122
38,10.04330490135339
39,13.979830959310089
55,-3.8297998557478636
38,14.292652272100643
75,1.787872706229583
34,2.280303623738489
48,24.027465650799044
10,13.487062005362546
8,26.325587282990867
17,21.011386979079774
9,0.9789364139757819
12,1.988179482530563
13,10.114056809363234
48,0.8472338618554458
37,1.4568579916559674
44,19.538999342252183
34,-10.386681267666763
71,17.53940427667833
66,15.499987892480995
39,-5.113420672485638
40,15.65210451209336
40,8.571731819298309
56,4.471830543952536
39,-4.642673919458654
72,23.75588225030196
34,12.952089667801348
48,23.57110516132916
10,-3.4310322452722986
8,19.359369707420203
17,18.4781273650907
9,7.404865463173821
12,7.271337943599646
13,23.28789417820204
48,-15.512897337396623
37,2.5104214137585705
43,19.455014074034874
31,-4.887902788385396
70,20.701918104707012
67,8.61834858201781
40,-13.81050337355598
40,15.484439431745498
40,12.173618866084361
56,5.005755586807425
37,-0.46934606942226376
73,0.49423797673776937
34,1.7005575891054314
48,17.269231776044936
10,10.517737525464216
8,13.044062323993927
17,32.56995358192649
9,0.36499462416245937
12,12.865123010109247
13,24.251866520345583
48,-12.254213129254396
37,-24.51028960083174
46,24.266335499646125
34,-1.2806624680385887
71,23.527702939950302
63,21.60386614482663
38,-12.07724243347402
42,17.576833725374208
37,29.06613971114288
54,-1.7368227899908741
38,2.1137988729169344
72,27.775857557503407
34,8.087210482639462
48,13.65761604932974
10,3.525933993435782
8,-40.120952706461196
17,-11.414745839905256
9,26.69407935249823
12,13.65836354123569
13,13.396151133338247
48,-13.273177373234732
37,1.0352638959794855
44,1.1434517038388012
32,-1.5479544120783328
71,-25.83672541291781
64,15.723902697266352
41,-3.0329322479843466
41,8.134217994966397
40,23.388080522845836
56,4.158410602338282
36,17.073732311265317
75,1.8595372653656763
34,-6.505760695447328
48,17.7720112068368
10,6.715594225651235
8,22.13895802510931
17,10.147529616917751
9,-1.7420457796685866
12,10.270511223470793
13,22.208733050777425
48,-0.7516093679391556
37,3.538562720005131
43,22.958609014148497
32,-9.82621260624382
71,21.778267992707224
64,17.11313045840331
37,19.15401132496632
39,-0.539557079509747
40,5.637498910835756
54,6.092569750737154
39,13.458661238170507
75,21.185090071172578
34,4.492602016495988
48,23.829176069162603
10,6.997196317236646
8,42.709707949359995
17,31.167431831861943
9,-4.500539299546459
12,1.375299528647953
13,25.824499875033325
48,-16.561632857848885
37,-7.511466090332762
42,28.37254085778749
33,-6.892697708457299
72,21.891211784868602
66,15.242978605330418
40,-4.280690731890011
40,4.0728123742552516
38,24.061892424690793
54,12.80010351955636
39,18.214365456698772
71,1.7030278733078887
34,-0.9905342236958387
48,25.840952352666555
10,16.320872412736392
8,21.835196951855423
17,31.7389393269454
9,0.8317690806772595
12,-0.6397095898405238
13,15.947115757147348
48,-9.989804188458598
37,8.653448626669718
46,9.84131157645256
33,0.6101403687341747
69,18.58190021681426
64,13.77277870801629
37,15.187113548495416
38,11.84170764770268
40,12.492525963824797
55,11.107375337142642
39,16.446446998627366
73,0.12728653146510274
34,1.382224342938442
48,14.441139742182624
10,13.999680266058887
8,-15.866594647035852
17,-7.184426971004758
9,-14.950759842297447
12,13.729542071550567
13,22.373625952123575
48,1.8937711971704418
37,-13.142834513157364
46,7.16836408716029
32,-1.9837725368240293
69,22.19421576700141
67,11.348322492415122
37,-15.834286248875575
41,-2.8437802954631253
40,10.10599708187623
57,4.941043156506223
36,0.5408549999174953
71,6.851272086782042
34,11.477391904786224
48,24.700641057674385
10,11.189570164455876
8,15.753167357706214
17,13.237052491208415
9,8.856852516672438
12,8.2374208843481
13,16.66108491035289
48,-11.607642926545287
37,-0.43646174577386626
45,16.462417039007672
30,18.23597770948758
70,20.20772387451033
64,13.562486672142276
41,-9.089259217164834
38,16.43197160767164
41,4.440270650307997
55,9.834292736439199
38,23.88822008044833
71,7.5421268099230465
34,-4.890133938228879
48,22.311952933079283
10,9.764639198530748
8,-2.2137205184065953
17,-7.634014856315851
9,7.904625338201912
12,2.8611780566148006
13,-2.401778660189445
48,-15.747372505209514
37,3.358402561139455
46,11.74199011234775
30,22.38656138229554
70,8.517810358614714
65,22.910211273547493
39,-16.15522687519892
40,0.25787374910258104
42,-0.9133293286070472
55,8.929872052055451
39,6.828021149811616
74,1.0974391785480584
34,-5.291931121985205
48,25.388953971054438
10,0.1271144816425731
8,35.2060225525837
17,12.31295777745293
9,28.17288252309241
12,14.461542156071836
13,22.009992409268456
48,-8.269782150262959
37,10.654395174854939
43,11.790642733520919
30,27.05649300081129
71,18.628357708057067
65,18.433261048224917
37,0.15792137061300793
38,12.731103403931968
38,19.7440098440956
55,3.3310464604564833
39,12.507138414305407
73,6.506218400487981
34,-3.337243082345341
48,21.862351217497704
10,-20.30935031087846
8,59.06503432394978
17,7.995254200149918
9,7.48658733132311
12,12.086367939781885
13,17.791755766854372
48,-1.7002267833864568
37,6.355028567327831
43,6.707878398711593
32,-10.517735844957251
70,1.4412985769598268
67,17.683715697313676
38,-4.539982446282963
38,10.482704916917013
39,19.575248215923697
56,5.438729917879409
39,7.127414447838185
73,0.23345707314928274
34,0.8817123588590106
48,17.234060469897628
10,19.667607322689843
8,33.59601047941085
17,-12.677653535957319
9,0.5677288449981259
12,0.10492885300825319
13,14.522973888177193
48,-9.029596241470657
37,0.7564915842633302
46,19.77827478657318
32,0.23514721479789444
68,22.035831522934856
66,21.001539413171905
37,-6.690224520094569
41,-2.2153922688452443
40,13.117788169280132
55,5.858761009506537
36,4.7273222299082
73,0.633864514083249
34,10.820146087412315
48,15.41729059648281
10,29.82408117183666
8,-70.30342995845044
17,22.97095738038676
9,3.052159105938213
12,2.7621887150225017
13,23.82135546582426
48,-8.864645435631843
37,1.5443254171661924
45,19.819288230588953
34,-9.4578042811016
70,21.133544447207203
67,13.22120650941294
39,4.336746663867372
38,22.610383199185684
41,13.1726893210639
57,4.802712335776206
36,3.9009616235895486
74,4.457113618631148
34,12.403773663946158
48,1.0043305208156126
10,3.3489678006218
8,51.8403109799501
17,-11.009063786576387
9,3.1280229105527386
12,-4.482146488607531
13,12.253462249471678
48,-14.785888214514816
37,-26.315918151740505
44,16.774618102757426
30,28.065321597253543
72,-23.218064453668134
64,13.885394850125646
41,2.6730021395590353
43,2.4260835157642107
41,-1.0929739348760334
57,6.538967167390695
35,26.141099471344774
75,-0.04993488854184929
34,11.251354487863022
48,-5.483107177235555
10,0.07465507709511597
8,47.53001126473588
17,-15.159765632626247
9,14.903281142552139
12,12.594875980484023
13,17.638093742767804
48,-7.513456062922323
37,-2.670186915655921
42,26.56429237105386
34,-10.909918437265754
72,7.911400560614023
66,15.004292321205677
41,3.8845359988706916
41,1.6417516818317603
40,3.633061363375716
55,-5.467674240847209
39,8.054811404336348
72,2.045056929619057
34,-2.0559458289568076
48,13.50092164530965
10,-6.234676358040986
8,-11.44694393478673
17,13.141538460573694
9,4.0710606662676625
12,4.738137906807932
13,18.88294212134885
48,-8.91785616408569
37,-1.6936764733699574
43,27.273500033462582
33,-4.940042929202562
70,28.46201274634506
65,12.349191370885162
38,-19.39511387390852
42,15.332660309026615
42,6.1993770979001415
56,-6.587798598310835
36,-2.0849835866830175
73,0.0582266841665874
34,7.371632947501617
48,18.53699180072256
10,13.465367845765305
8,56.11713395555529
17,7.188732885348623
9,2.848343657361685
12,10.607930296966126
13,28.97023292004219
48,-13.427917249300855
37,8.79397883690386
