4,31.95232769
5,0.697286444
6,1.30958974
4,5.418245213
5,-0.363408256
4,5.562658443
5,1.629996649
4,8.415004161
5,-0.887176216
6,1.48735766
4,3.551461822
6,15.52884901
6,-9.623941096
5,5.441377357
6,0.704188437
5,1.552045572
6,7.495123974
4,17.32299179
5,1.7862391
6,1.269440396
5,18.62154186
6,7.702948336
12,43.63649191
11,32.17350542
7,11.84981423
5,29.89587885
4,15.99045427
6,23.26282893
7,-11.17227769
7,7.383219812
7,53.62622422
9,4.505279988
9,0.865090671
8,21.70236019
9,14.65707489
9,-12.68518551
9,-7.375045635
8,0.002223912
9,0.348830147
8,50.64839749
9,1.685736366
9,8.038409061
4,11.52821643
6,-3.100116647
6,13.19649619
6,-18.73123475
7,-4.994355265
6,3.027968697
6,37.27874826
7,-12.62314028
6,-1.37334955
7,-4.271923376
7,-24.44810398
6,21.15884495
7,44.76605842
7,18.70979565
6,-1.705216729
8,26.43153571
9,4.159195013
6,2.297760832
9,-1.622869301
9,-13.8611668
6,-0.689802973
8,0.886635553
9,16.17460556
6,10.63672853
8,27.6048441
8,1.043703683
6,10.31393972
8,24.62390756
9,4.367885995
6,29.76462145
9,-3.356091031
9,3.533028887
6,16.90514088
9,9.854775993
9,18.70438543
6,40.62510356
9,0.166705191
8,4.45108243
6,41.35746124
8,31.89133937
9,-0.955616717
6,17.02350197
9,-1.428106414
9,30.11878459
6,-5.653980999
9,0.963269377
11,6.832711706
6,23.142615
8,0.667069366
11,-14.72728172
6,9.591889756
9,8.785114028
11,-3.639523321
6,0.150580864
9,1.396885537
10,25.62477777
6,15.14233925
8,50.63080482
11,3.979629731
6,23.39650131
10,-12.28848357
11,21.66352922
6,-35.18721269
10,-0.409456762
10,32.39842951
6,-34.62551461
10,-3.874101944
11,12.36092386
6,33.07085443
9,6.621385136
11,29.83635386
6,36.36976069
10,-8.285345016
12,-7.29828722
6,4.181485693
9,-13.61675565
11,-9.596037074
6,27.45906951
10,-0.589162665
11,25.9937483
6,0.52115925
10,-10.93431302
12,-10.71442037
6,-6.547624389
10,-28.26482329
11,33.55894526
6,10.91783238
10,-11.68848338
12,29.11716049
6,7.341322787
10,5.962267928
13,-14.3598286
6,7.263900886
9,0.481164203
12,12.81962962
6,28.25769965
9,23.56359235
13,-3.425343215
6,1.940120762
9,39.00736526
12,25.75181998
6,34.24966432
10,-4.858640469
12,3.365320317
6,3.828991929
9,54.90682114
13,7.925092944
6,28.98709104
10,6.073261418
13,-6.771827739
6,16.20051559
10,37.75541404
13,-2.009705253
6,29.76048666
11,-3.30915704
13,-3.109740915
6,6.184108
11,-2.213391189
12,28.87341675
6,39.15755738
10,18.42424663
12,-15.41164109
6,20.42684848
10,23.26526343
12,10.8021475
6,5.856804165
10,49.54335629
12,19.8051466
6,22.60432362
10,36.96442999
13,-15.39600382
6,20.29255969
11,2.617829074
13,-10.38335552
6,8.786531727
11,-2.79006378
12,-1.848343786
6,24.0533195
11,-15.25453625
12,1.59695321
6,1.206963346
10,13.29498856
12,-9.602182539
6,13.62471095
11,-19.37017608
13,-0.529367962
6,-13.92201711
11,-2.54791701
13,-12.9059845
6,22.6380572
11,-6.69917027
12,1.055815425
6,25.15773455
4,4.347783126
6,1.319005947
5,-9.898068336
5,-7.145024265
5,7.712822918
7,5.916346725
7,-1.146879086
7,12.14939724
9,4.941512224
8,3.760556323
9,1.590912709
8,13.87795292
9,-14.51145354
10,3.371205
9,-0.835956887
9,4.870801877
10,-1.101034457
9,-3.324432367
9,-0.513386927
10,0.534111591
9,-7.752863574
9,-1.252276138
10,-0.189033487
9,-30.35200666
9,21.55598484
10,-11.34147758
11,13.31457678
11,-0.668090368
11,17.83888173
10,13.83552124
10,-8.343970386
10,8.693764434
11,8.544184869
10,-5.487673118
10,22.32031728
12,-6.736790364
11,22.11476167
12,11.36682325
12,0.502134856
11,7.074797598
12,-1.319780656
11,11.77446256
12,1.80770502
11,2.97329398
12,19.87068289
12,-8.007075775
12,2.444928623
12,-5.583090544
11,-28.89461373
12,1.192485435
12,3.39302517
11,17.13368716
12,2.294343124
11,14.27569546
11,13.2371356
11,-3.741778615
12,13.30376605
11,-2.031121739
11,13.35142205
11,5.054111408
12,13.49391924
12,-0.659415193
11,5.991198305
11,-10.3297516
12,-17.15878653
12,3.554160698
12,-0.564437873
11,-5.963856189
12,10.27772291
12,-5.81708019
12,-9.999398538
11,31.76432502
12,-2.434838106
12,-1.972991273
13,-29.4700975
12,1.868155423
13,34.21475633
14,1.672671907
15,-0.748750231
15,0.938892838
14,26.91918223
14,31.1241636
15,17.45129116
15,15.10094514
15,0.503649993
15,0.684658404
14,-3.726569495
14,-7.653234047
15,1.524647839
14,2.341421709
15,0.140719679
15,-5.147598736
15,1.686318893
15,-0.403254414
14,-3.743873728
15,-3.841899505
14,18.73022531
15,0.948303223
15,-23.3553138
15,-0.03896937
14,19.90781938
15,-0.538379825
15,-1.531413939
14,24.88627869
14,-0.243715519
14,1.428712521
15,-0.200111457
15,-6.062830051
15,5.664928481
14,-0.221229282
15,14.77935709
14,4.811040584
14,5.246215713
15,11.90860413
15,13.38529495
15,14.29811288
14,4.813453325
14,56.22324636
15,3.147286615
16,-8.781224346
15,0.654527382
16,9.03726769
16,4.004850166
16,-0.081861748
16,-0.932223361
16,-0.804844375
15,-8.095965753
16,21.32414666
16,0.218114569
15,19.90820908
16,1.366263437
15,-6.041565453
16,-3.960788374
16,-2.677670327
16,0.454263179
15,28.24116213
16,22.21673469
16,0.291380922
15,26.40481732
16,10.97884592
15,-6.116842279
16,-16.40215822
15,-9.17370401
16,8.782185157
16,-0.159687795
15,-27.29853934
15,10.65786596
15,13.70504213
16,14.95940849
16,-0.516257935
16,-2.139203627
16,-1.101015563
16,0.5640624
15,31.56032304
16,-0.154433043
16,6.305158167
15,2.697158827
16,0.302733937
16,0.523125905
16,-0.489321247
16,-11.39790934
15,23.91045862
16,10.21106
15,29.14609365
16,-0.492305363
15,-11.50202692
16,-0.169505461
15,38.75031647
15,14.3309162
15,20.08678887
16,1.028839548
15,14.12734222
16,21.86429851
16,3.441165052
15,9.980741053
15,12.73992786
16,-5.754304562
15,37.08286231
15,-0.046559043
16,15.48694442
16,-0.356767734
15,22.89509718
16,0.7240944
15,30.44125939
15,28.35258096
16,3.813696979
16,13.38180008
15,2.897409525
15,-8.463005973
16,1.716255851
15,2.51459199
16,-0.91269748
16,5.405970001
15,28.45251817
15,23.35509908
15,36.70654759
15,26.68375233
16,-1.078157317
16,6.970943519
16,-6.55900508
15,2.533323658
16,3.20900247
16,3.931029444
15,17.38677869
15,48.33104542
15,-0.367773745
15,3.486733316
15,47.55343878
16,17.46934053
16,-0.899705348
16,-5.763047412
16,-1.840804847
16,1.467150222
16,8.352599313
15,-0.22895748
15,14.6665746
15,31.74611224
15,24.04871609
15,48.24420582
15,42.73383749
16,-24.46428868
15,23.53757831
15,2.754033431
15,13.12180366
15,33.00296591
15,12.23099249
15,-5.102199295
15,-0.862312085
15,49.37571147
15,2.663514941
15,-0.99402167
16,4.490529086
16,5.169454438
15,0.659411752
16,-0.059798641
15,1.597760546
16,-0.01323986
16,-0.485269714
16,3.775784439
15,-2.161519634
16,-3.287414349
15,21.45692336
16,3.429627071
15,-0.189011277
16,-2.861714227
15,5.48381317
15,13.03233542
16,-6.15867978
15,34.93556415
16,8.370729006
16,1.288926656
15,-9.350758753
16,1.485415241
15,5.947183924
15,-5.087964445
15,13.4251392
16,0.270705817
16,17.23200442
15,-0.369815465
15,-6.141020657
16,5.68098462
15,4.959502568
16,-1.682702107
16,13.08630677
16,-1.036301491
16,1.006741338
16,9.919666117
15,42.81291575
15,15.52637861
16,-18.44432075
15,22.0170079
15,1.634077951
16,7.549740271
16,9.964231201
15,1.070492187
15,2.663167644
16,-1.593955613
16,1.386022662
16,0.202362232
15,20.68655275
15,-5.053279275
15,36.83634185
15,-3.508471234
15,-12.12929529
15,8.489026045
16,34.35017886
15,-3.931741414
15,40.79957858
15,59.11252878
17,-5.34380048
17,-8.227649375
16,1.609861002
16,10.98179609
16,-2.008479113
17,-23.26616018
17,-0.126053589
16,25.04767238
17,7.528952289
17,4.093090373
16,34.12530345
16,47.00862889
17,-0.895834044
17,-14.44458887
17,-1.701609073
17,-7.157731697
16,-3.985577582
16,-0.48999354
17,-1.62495563
16,11.40965402
17,-4.077699147
17,1.051113158
17,1.064537323
17,-3.310073047
16,2.691322432
16,10.57631441
17,13.82743087
16,33.44629057
17,23.12048496
16,-0.150757064
17,15.32609559
17,4.048581368
16,-2.103738414
16,4.653746102
17,0.910592119
17,-8.324594455
17,0.26386952
17,-5.726420074
16,-0.535127728
16,47.71529224
17,-1.055071126
17,1.658501198
17,-5.713528612
17,0.388838286
16,39.54944981
16,37.32509084
16,47.22383182
17,1.380608987
16,70.65152834
18,-4.851907019
18,-7.965547098
18,2.48595159
17,2.415788044
17,-4.038193223
17,-24.05190904
17,66.17025626
18,0.413913252
17,0.094674093
18,1.724518707
18,2.215170424
17,59.53980353
18,-0.415268229
17,24.46181531
17,27.96698134
17,16.57642648
18,-0.373569139
17,15.32222985
18,-1.883158613
18,-0.481176931
17,55.81533732
18,2.593464187
17,-9.416965844
18,-0.643352703
17,0.842005889
18,5.429070538
18,0.750092543
17,72.5189387
19,1.758249532
19,3.638796889
18,47.3708038
18,60.93197577
18,-3.15052742
18,21.08982559
18,53.86508816
19,5.71187227
18,11.14182256
19,-3.795443722
18,51.72235272
18,38.86523133
18,33.26477295
19,2.086225469
18,33.3907266
18,24.18906346
19,3.326446361
19,-0.919018957
18,22.35674471
19,4.09104267
18,30.94149223
19,-0.125889513
19,1.189383554
18,4.84361152
18,16.01394812
19,0.218910267
18,45.99433235
19,2.448093993
19,-0.15264873
19,11.77657676
18,0.685884095
19,0.081861389
19,0.362542473
19,-0.618135017
19,0.140591077
19,-0.321445936
19,12.9026896
18,50.04220551
18,56.48234534
19,-9.775548251
18,63.07198099
18,14.7419702
19,-12.86365392
18,-0.059047441
18,39.9204501
18,-0.253912777
19,-0.241008129
18,5.215170917
18,37.87251834
18,61.05103464
19,-13.93792665
19,-3.853648502
18,60.12469201
18,38.10170591
19,2.969409739
19,1.773357389
18,2.311995278
18,0.794174705
18,62.86919274
18,33.0175843
19,11.54119187
19,-0.106493882
18,56.18406232
18,32.33718671
19,7.83454854
19,1.070317584
18,62.02436798
18,37.63870474
18,2.271816999
18,49.08623103
18,1.191476479
19,-0.434312558
19,-7.743464479
18,0.708052355
19,-2.293950012
18,1.710083456
19,2.018938985
18,48.78017173
18,38.46236048
19,-0.993035991
18,43.85190816
18,33.65745423
19,-0.058662084
18,45.64635193
19,-14.24626495
19,0.750138408
19,3.545596621
18,50.63818155
19,4.477390112
19,-0.432734907
18,2.113811458
19,0.397838302
18,0.691153262
18,3.310569168
19,-1.194225374
18,-2.041638041
18,63.58758044
18,13.18383703
19,-4.352771433
19,-3.372325843
18,51.1544178
18,40.07392491
18,48.52635465
18,50.95730328
18,0.599328395
19,3.155831109
19,-4.560263089
19,2.000452639
19,5.883482733
18,38.98030982
19,-0.815946158
18,0.828329161
18,56.08232629
19,2.577401806
19,-1.160826092
18,10.05914581
18,2.8525308
19,-0.570878969
18,50.5171469
18,-1.134851224
18,32.30717128
18,2.383101846
19,5.678151741
19,-2.186544802
18,53.98233638
18,0.304034504
18,2.150249152
18,0.574230526
19,4.521635137
18,27.68854001
19,-1.305972046
19,0.580694712
18,4.674577674
19,3.547811286
18,2.338578118
30,2.713417325
31,18.27979769
32,17.76235193
30,1.344732125
31,11.38350827
32,-0.599387641
33,-6.868919233
30,-3.188339345
31,1.301599298
32,1.100568409
33,14.52815304
30,1.497498025
31,5.613535237
30,-8.938008833
31,-22.24494028
31,-13.05090885
32,9.831966779
34,3.020939906
34,1.651934047
33,-12.40957368
10,10.08412306
12,2.183932765
11,0.931144674
12,4.587676169
11,11.24762754
13,24.15008196
15,13.51769992
15,10.49298583
14,8.647923943
14,15.63842121
15,-2.713226269
14,31.87135285
16,6.813193195
16,-10.73406328
15,32.42063663
16,24.17601227
17,8.477519787
16,6.503462458
16,27.86442055
17,2.476466678
17,13.62808997
16,12.43168023
16,36.40976367
17,11.12671215
18,9.497065525
10,-24.42425396
12,19.73268974
13,28.32224181
14,15.11414971
15,12.00084662
14,28.82908253
16,22.22791374
16,23.40941196
16,15.37122562
15,20.65258973
15,30.30870676
17,30.17229872
16,27.41976166
17,13.37931326
16,14.48822874
16,22.46247111
16,0.331893288
16,19.38703246
16,20.59275896
16,11.59623713
17,-17.19847937
16,19.97233378
16,16.79252025
16,20.71750359
16,35.95687529
18,13.53233081
18,15.36862722
17,34.32445741
18,3.810440369
18,1.023416052
18,12.42667519
18,27.95504232
17,16.96314447
17,30.42030387
18,5.796497731
18,23.12001747
17,18.57356953
18,21.37889298
17,29.47749048
18,26.13909391
18,9.584189992
17,22.46129251
18,6.098730509
18,9.108522528
17,19.53315334
18,24.19368208
18,9.75954787
18,27.60206048
17,28.45319464
18,29.65905332
17,26.24745197
10,7.125680875
12,49.11341268
13,35.90268365
13,34.59653561
14,5.95390911
13,45.48725765
14,19.46893674
14,18.03870827
14,-25.60118886
13,17.95632134
13,1.867547247
14,-4.862742144
13,41.64033551
14,27.59586698
14,16.80147492
13,40.92148943
13,34.77895907
13,32.87427561
14,-14.77138623
14,6.30385868
13,41.92683975
14,46.47979587
14,30.78868606
14,59.71485039
16,30.95335455
15,38.44894187
15,44.70052285
16,11.26077343
16,25.08899404
10,-15.94434541
24,-0.683399048
29,-5.467690349
39,27.19669084
32,-8.556154705
22,7.050790659
20,-18.25741155
37,13.80013773
30,14.32787424
43,-0.309895518
34,2.490740042
48,-5.343748318
10,12.75689156
8,-14.12894652
17,18.54302367
9,20.99449919
12,13.52792407
13,11.66577813
48,5.194348518
37,-7.204267407
11,10.53862693
26,1.701168451
30,-8.683139587
41,-0.304459224
33,-1.637871183
23,8.832979255
22,-18.37073611
39,6.666918454
31,14.50804449
44,-3.418862511
34,-1.401763176
48,-4.663796296
10,6.150120721
8,-13.26919078
17,-12.77830959
9,18.15443533
12,12.56690769
13,37.20310096
48,-16.34199904
37,0.783654702
12,-1.426874978
28,-6.159515978
31,-14.13165275
41,5.031684144
34,-6.838242496
24,4.224451637
21,-8.130038966
38,13.97511142
33,5.798419026
45,-11.45839234
34,-1.262673205
48,-3.498731888
10,12.4467739
8,-1.44938475
17,18.39169101
9,11.30033873
12,13.43717087
13,27.32502056
48,6.882787809
37,-1.774301595
12,1.89974869
28,-10.72907329
30,-11.34771934
41,-38.01494563
34,-4.484449976
25,-1.493161885
23,-14.02183879
39,6.887721755
33,8.276850739
44,1.020713451
34,4.518165179
48,-8.244446803
10,5.167205771
8,-1.461610249
17,26.79899798
9,7.655618647
12,10.1408867
13,44.18614636
48,5.99089095
37,-6.631831624
10,-1.522132302
24,-2.285067015
29,-2.871481213
39,8.297074976
32,9.522056185
22,3.240188241
20,-0.810956077
37,3.869231604
30,24.50122708
43,-21.51899083
34,-8.040677528
48,9.53486794
10,7.517970591
8,0.581960766
17,-1.841813236
9,-1.128696832
12,1.205720426
13,11.74570409
48,-11.66712828
37,-11.18705456
15,6.524530184
27,-20.08847356
33,-1.330520702
41,6.35635616
34,-2.508394784
25,0.276957833
25,0.821025783
42,6.096358596
31,29.53824594
48,-12.02664973
34,-5.196992949
48,6.300572961
10,4.418593946
8,-8.580930004
17,-2.42267039
9,0.54275266
12,1.16272651
13,18.41567313
48,-3.90835949
37,-6.1156322
20,10.01603026
28,26.28028953
35,2.161424809
43,6.218219155
37,-1.018599281
27,4.687035334
29,-11.95693482
46,-6.060128638
36,21.0620576
53,2.295422266
34,-5.383041003
48,6.940684493
10,5.534206631
8,23.73002188
17,-1.808467115
9,-24.0833246
12,1.170591412
13,10.60762548
48,-8.86629786
37,-19.75432539
23,7.581566645
29,-22.38193664
37,-3.482280619
44,7.552409817
35,-6.254408844
29,1.474976078
26,-3.50080342
47,-9.234690779
36,-1.592847665
54,2.223126469
34,-6.392403328
48,7.891863035
10,7.719573175
8,-0.682523173
17,3.675531986
9,4.416334561
12,1.1255907
13,3.848119671
48,-15.53806544
37,-15.50988328
24,6.230869943
31,4.527588137
39,1.18207187
42,-6.535331945
34,-0.330374606
29,2.469239659
29,-4.359197744
46,-6.85498171
34,-2.563690331
57,6.605117991
34,-5.527931143
48,2.516553091
10,0.300764605
8,29.52663539
17,-0.417279582
9,3.331274006
12,1.087259148
13,12.35665734
48,-5.767591938
37,0.068836856
24,6.442069857
31,16.3190354
36,1.173895907
44,10.25192438
36,27.23192197
28,8.97816135
29,-11.24584007
43,9.407950599
36,8.366177947
60,9.283728813
34,-4.427626479
48,7.370073594
10,7.270701058
8,28.40157945
17,1.919422492
9,-0.112364414
12,1.21080157
13,14.19156611
48,-12.00673296
37,0.174982032
24,9.094011192
32,-10.93224702
40,1.995809414
48,-0.884784778
39,-11.7737997
30,4.100508683
29,6.26519534
44,-0.47580594
36,-10.5038924
62,8.981188213
34,-4.062485451
48,11.83418372
10,2.525634763
8,-34.86744977
17,1.849104826
9,7.075454678
12,1.089045128
13,11.88946772
48,-2.346870143
37,-13.74358379
24,3.092494697
32,2.893080463
38,0.308748179
45,9.582600897
39,10.32304733
30,8.351416592
30,0.818652982
44,-0.58568795
33,-7.086313746
65,9.245046769
34,0.424530539
48,11.15452641
10,0.405330466
8,32.70877574
17,2.26271868
9,2.706918203
12,1.178611934
13,21.43867693
48,-17.58604085
37,-9.782143763
24,8.643400644
33,3.742400909
39,2.679267177
47,6.014535398
40,3.271974805
32,5.013990937
30,1.975968157
48,1.263932366
33,-2.438665125
62,8.295257749
34,-7.329179539
48,6.609695734
10,0.10220112
8,-5.036251308
17,4.484996411
9,1.183312254
12,4.862379484
13,4.31538617
48,-8.535923786
37,-16.35851294
21,13.33575911
29,8.387600539
43,-4.811314111
47,7.075400482
38,-12.77449012
31,7.74991209
30,5.490065579
44,-13.05431612
32,6.048824812
63,8.651737208
34,0.103221068
48,7.670116769
10,20.36822937
8,26.97302282
17,3.930743565
9,-7.425542276
12,10.96074744
13,0.861740767
48,-8.881953091
37,-3.36133114
23,16.82223877
33,-18.28879899
40,2.266929005
48,3.879321144
41,1.253526027
31,4.422605743
34,-1.170515761
47,1.570491472
35,6.529849234
62,2.283161616
34,-6.334027592
48,4.816107712
10,4.736287429
8,28.24630446
17,4.515693849
9,4.991691265
12,13.06069649
13,6.940991019
48,-13.72216769
37,6.517138523
28,11.01560923
32,-2.602762956
42,0.153168768
49,6.727485016
38,-11.40883281
33,7.120820343
34,-1.482177
45,-5.931143185
33,-1.760169802
63,7.341606116
34,-10.95223684
48,8.245641029
10,-17.81293125
8,17.66653599
17,6.61003548
9,5.262261634
12,12.51511924
13,18.34351949
48,1.823636431
37,5.117458394
25,2.670526031
32,-16.65727412
40,1.819286162
46,2.829856645
41,-3.871348402
30,1.136147392
31,3.545277343
48,0.824511982
36,11.17797415
61,8.593413268
34,-7.896180632
48,12.48449386
10,-0.708045748
8,54.76152943
17,9.213749845
9,0.070096253
12,-4.496024559
13,6.355689174
48,-17.59049733
37,-0.086741669
25,10.32842261
32,-6.442565401
44,-4.356971144
47,9.198476547
38,-6.313902287
30,3.62710974
30,-2.267287551
45,-5.090879832
33,-11.01126014
62,7.403105216
34,-8.776640575
48,14.64396959
10,13.18626273
8,27.32709974
17,4.184181355
9,0.195101718
12,4.821236318
13,5.794305434
48,-13.57442579
37,-11.47351092
28,4.869370724
31,-14.4461733
43,-3.062101264
47,3.922378311
40,-6.055301705
33,6.788278389
34,-2.556804903
44,-9.634299215
32,31.94477019
61,5.732948835
34,-3.292069198
48,8.407824872
10,-30.68686861
8,-4.186673918
17,6.869269137
9,-1.626136781
12,10.2231525
13,10.01720148
48,-10.85876486
37,-7.875154542
26,18.90468569
29,17.32619421
43,-3.003854196
47,10.19558294
40,2.506790079
30,15.01071995
31,17.31644654
46,0.288800041
33,26.45144904
64,4.487370236
34,-4.061561896
48,-7.315812334
10,12.58226262
8,45.45224628
17,-1.780138339
9,19.47049828
12,4.793027322
13,19.74408204
48,3.977058508
37,-5.843328971
29,-0.270352394
30,1.109121227
42,-2.107990762
46,6.674751794
38,-0.142703192
35,3.182712155
32,4.169745689
45,-15.38829389
37,11.54567471
63,4.90983095
34,-0.647624941
48,13.02077135
10,7.213944359
8,-2.703860458
17,4.610800642
9,14.364929
12,0.316683038
13,-18.3324979
48,-11.3497966
37,-5.815119179
27,1.749780235
31,3.255978745
40,2.254991924
45,8.643962543
38,-19.77913734
32,5.023289724
33,3.210055709
45,0.944073067
37,16.71538262
63,7.931205733
34,-5.790010132
48,15.3885428
10,0.256694548
8,56.63736875
17,1.453964994
9,-34.46284715
12,-1.702209199
13,17.21153858
48,-13.4781563
37,-7.894204581
29,16.78040599
30,-4.863763382
41,1.643921903
47,-11.68447151
39,-1.42281313
34,0.520861377
35,-1.175501665
44,3.172602096
35,5.264928461
64,8.854806453
34,-3.859408675
48,8.536397141
10,6.410204721
8,5.935742759
17,9.213981699
9,13.860608
12,-19.47688872
13,8.391530892
48,-6.722545994
37,-18.68463434
29,5.144697219
31,3.962024983
40,1.965391122
48,7.897689683
40,-22.05978694
33,-4.053198404
32,12.61010852
46,0.139542481
34,2.563558258
65,8.115150089
34,-9.131102007
48,14.00300187
10,13.81573642
8,36.77490681
17,8.675081864
9,-17.08426998
12,11.02607997
13,3.285897386
48,-10.5418008
37,-0.042914675
30,0.852025149
31,-17.24342156
43,1.846862337
45,8.674353923
39,9.232814941
35,1.574237576
34,-4.111735655
44,-9.812479464
33,30.99224772
65,3.195596995
34,-3.814819042
48,8.690367153
10,11.73823143
8,-9.719195611
17,7.996284086
9,-1.811681801
12,8.854442947
13,11.95203239
48,-11.39816531
37,-5.544733803
30,16.88133874
32,0.62631974
41,1.896794573
46,-2.357610021
39,-12.03314595
32,9.443463435
36,-4.431466274
47,0.908548596
37,24.48827746
63,26.56416877
34,-0.586626556
48,9.790839065
10,0.116032984
8,57.8342386
17,6.459973638
9,-19.62874514
12,1.607427183
13,8.362761541
48,-1.020494029
37,-6.835999197
29,5.47532407
33,-1.557626816
43,17.19742286
45,8.682835524
41,-1.20029203
32,6.563997522
36,8.483006714
46,-4.292036136
35,0.459707023
65,27.66357468
34,-17.39616159
48,11.62944506
10,2.563146788
8,24.76691573
17,8.129304955
9,21.49406451
12,1.63648596
13,8.650020711
48,-3.484479731
37,-7.759328278
30,9.225421529
33,2.605651259
45,15.73634926
48,2.268196985
40,0.529552266
32,9.007513675
32,2.02505334
47,-7.883970172
36,-2.633846454
69,1.879104835
34,-7.845521715
48,12.69378244
10,-23.09631372
8,53.88221621
17,7.408831737
9,-0.792497108
12,-6.551149577
13,-1.427366174
48,-7.065040886
37,-11.30247675
31,3.275411629
30,-5.143775038
47,18.71399466
46,4.582253314
37,11.62634489
33,2.867393335
33,4.61310132
48,-5.05249018
33,14.66532783
68,17.94284464
34,-9.880629695
48,15.37114969
10,-9.961666441
8,-27.23646886
17,9.063971158
9,2.905840058
12,9.944228098
13,22.12536401
48,-14.4617233
37,-10.78660764
30,7.221739586
29,28.31128986
49,18.29798164
47,5.940380696
39,-8.846630451
33,5.416719188
34,-15.35271353
48,5.751195674
34,-0.226948183
69,9.781579134
34,-8.072623945
48,6.082563762
10,19.43606947
8,18.88721151
17,4.248077736
9,3.939382565
12,-2.729280342
13,6.253265226
48,-1.34781087
37,-0.167663256
31,4.665631797
34,-13.45251337
51,15.2110752
45,10.53656367
37,11.87101368
35,10.17605779
36,-12.96508981
48,-4.649046684
33,-5.163123619
68,4.233774439
34,-8.229445613
48,11.49561232
10,4.096187088
8,47.93985254
17,10.99236444
9,23.92637861
12,13.85342527
13,22.30047994
48,-6.583120315
37,-11.33903385
27,5.328622784
33,-7.931860695
51,17.22805555
50,14.12137283
41,3.79394126
32,3.762599503
36,-2.519985627
46,4.863427782
35,12.8926719
68,27.33498984
34,-1.640783912
48,9.658390156
10,9.221220419
8,41.40915868
17,10.4835229
9,12.88160703
12,-3.501467992
13,23.47046154
48,-7.289037562
37,-5.978358116
31,3.524099964
34,-8.069787234
51,18.9510135
51,16.37603386
38,-5.995885279
35,6.860534349
34,-3.975609292
48,0.877477173
36,9.004788129
66,6.2905585
34,0.343427061
48,15.58848009
10,-11.27958071
8,1.198935011
17,2.029525515
9,16.3718968
12,-6.422067489
13,-0.359205034
48,3.614820174
37,-2.077022575
29,14.58073097
32,-9.456369673
52,19.18727288
53,18.10257603
39,-12.91971835
32,6.261724708
36,-5.67959637
47,-2.806551186
34,-0.994598828
70,15.61436191
34,-7.187630671
48,5.133352742
10,6.878649037
8,-8.722873607
17,2.824875102
9,4.461776296
12,12.12902406
13,13.67344181
48,-5.272394849
37,-7.153551489
31,3.861859483
34,14.21555501
55,18.94594405
57,14.24337059
38,9.014009251
32,5.229832675
33,4.363371826
48,-6.947665713
35,6.610777774
66,7.230379776
34,-3.951251907
48,17.22429019
10,5.890075537
8,15.12259504
17,9.514615508
9,4.954535291
12,-7.720536318
13,-21.81219213
48,-16.59899323
37,-4.96365094
30,8.644308649
30,17.97044356
54,19.29365056
54,22.42193723
41,-2.967941692
35,4.269868138
33,-3.243744049
47,-23.86883874
33,24.624082
70,7.380958678
34,-5.446146184
48,18.62534271
10,0.269496069
8,30.0404441
17,12.91212498
9,16.14209692
12,7.252860526
13,18.06004702
48,-15.50691175
37,-2.302679752
29,6.732085646
34,-4.171381906
59,-20.1846491
59,16.88094054
38,6.973597779
34,7.350750047
32,-2.69824848
46,6.664532502
35,15.7277688
70,10.80587027
34,-5.316469094
48,10.68085893
10,9.565114839
8,37.50296904
17,10.40491272
9,-47.03895435
12,-3.455994491
13,18.69924692
48,-15.87744519
37,1.873077624
27,18.21263497
34,-8.415431283
57,20.29371962
56,29.92309011
39,-15.44806106
31,0.056590439
35,1.32234832
46,-4.30031792
33,24.94138046
68,-0.472774026
34,-5.077174859
48,12.67846049
10,23.26160616
8,-14.6001579
17,-9.278310797
9,0.106543078
12,-8.034182682
13,-9.414810522
48,-9.800408003
37,-13.76174222
30,5.002019455
32,5.135345751
58,19.67112207
61,20.95291941
39,-14.63979874
31,13.06875913
32,2.186676564
47,-2.484887929
37,4.083517679
67,29.75539979
34,-5.813001326
48,14.02563887
10,15.88744245
8,-15.94438821
17,7.32212594
9,-12.83625198
12,-1.299213564
13,20.30614682
48,-3.706887351
37,-7.322441025
30,4.116446962
34,-0.503778864
58,23.03827094
58,12.83250887
39,-8.136930762
31,14.47816056
33,-14.65096125
44,4.481831315
35,9.46574037
71,1.31347593
34,4.588815085
48,11.2722409
10,19.90906623
8,41.60057487
17,-1.742110894
9,-2.450976164
12,-0.96060944
13,14.38635773
48,-1.505311707
37,-12.9563213
28,2.37702956
31,-11.08574049
60,24.14953224
61,17.827689
37,-10.43165245
33,9.091718725
34,-1.852298382
44,0.906554222
33,34.28434268
71,12.39982157
34,0.85592944
48,13.49431161
10,1.082397573
8,-19.75356723
17,7.507346062
9,-10.13958987
12,13.53916562
13,8.792154604
48,-15.70587945
37,-2.595105899
30,17.54659344
32,-3.507155035
63,15.10825016
60,24.14122002
40,-14.2121306
32,7.515106619
32,0.746459742
45,2.701452584
34,30.82138214
69,24.83451222
34,12.02009985
48,3.973067004
10,11.5623374
8,0.516554583
17,8.980034492
9,-8.699171279
12,13.15318837
13,32.07758573
48,-6.992066111
37,-3.40071177
27,-1.976743139
30,15.75029305
65,20.19833344
61,31.34198804
38,10.88147776
35,9.199194261
33,5.548500811
47,-2.055222698
37,16.72171059
70,7.533264926
34,-2.34907301
48,-0.927564839
10,7.226177772
8,53.12337861
17,7.317963227
9,-14.96780786
12,2.101345537
13,1.78489224
48,-10.94505427
37,-11.03262441
31,21.77348295
32,-7.711796208
62,22.09448615
62,14.50733265
40,-8.391956616
33,4.194202953
36,-0.478867122
45,3.447897396
34,2.494855204
70,6.062629325
34,3.896443585
48,7.503880838
10,-2.062873969
8,32.82760702
17,2.765609625
9,2.345793804
12,11.60878176
13,28.38860237
48,-0.555951216
37,-2.571558048
35,24.61973128
31,-1.097962125
64,19.66143399
63,11.18761778
37,19.84608172
35,-2.076755966
36,-9.55206635
44,-19.04603556
37,-12.88460212
69,7.228310365
34,-4.695670927
48,4.62560363
10,17.1579674
8,32.37012807
17,2.2511563
9,3.804228787
12,14.94269296
13,9.927897309
48,-15.3852074
37,-6.569205113
39,14.64045973
31,-3.278615676
65,12.98748707
64,12.45837324
40,0.817576819
33,6.456111136
36,-4.191598764
44,-6.513391347
34,31.30539377
70,6.630833409
34,2.693646713
48,9.777090347
10,25.93428964
8,60.45739914
17,10.89098197
9,8.10685546
12,-6.732709688
13,30.53225558
48,-18.0676993
37,-11.87621852
39,23.38393444
30,25.37075248
64,24.42735516
66,12.63332988
38,1.039172119
33,8.635653863
33,-4.777051089
45,6.983253275
38,21.67489371
72,1.963644468
34,5.60105392
48,12.36565674
10,10.77920241
8,14.34841564
17,5.115933348
9,6.702629965
12,-0.895604978
13,29.01187439
48,-8.770565074
37,-6.698088431
39,21.2497403
30,11.56691959
66,17.91051795
65,8.29953945
41,-19.55413394
31,-0.099448078
33,5.973185852
47,-0.916538506
38,15.09576665
72,10.92199045
34,8.110203969
48,15.12168333
10,14.6785299
8,34.31217532
17,10.57934862
9,8.024327643
12,-15.42793879
13,16.00623824
48,-14.03195704
37,-14.94480066
39,20.46493701
33,-1.629771847
66,24.13382849
63,14.21430775
41,-5.117678604
31,11.52593389
33,2.753686458
44,-7.180124497
35,-6.950741263
72,24.50783776
34,2.980542815
48,11.85341523
10,-17.99858538
8,31.39422264
17,-1.005669795
9,35.95351009
12,10.24989491
13,16.85809529
48,2.592520159
37,-4.520344709
37,21.87891231
30,13.43374277
65,19.62713443
62,17.65214759
37,-5.308635551
34,4.264737868
36,5.647726077
45,-6.754564
37,11.15597296
69,25.19508807
34,9.613232817
48,11.14947751
10,9.438232303
8,18.52508709
17,10.59110556
9,23.45638442
12,-2.512184581
13,18.33794031
48,-12.72887576
37,-3.37655765
37,22.98470676
31,-5.696014477
65,2.515941244
64,26.72498445
40,-0.342517447
31,-1.493685975
33,-1.504772577
47,1.651481332
34,27.96848455
69,4.865196178
34,9.19063763
48,11.89756125
10,8.519799567
8,27.52922633
17,9.40916985
9,-14.5808501
12,12.23496431
13,-15.03497591
48,-6.45945894
37,4.872865779
36,25.14695402
31,12.13949227
68,17.89521041
62,5.445198433
40,-1.170925587
32,8.131400856
34,7.425275929
48,0.153312622
37,9.695919712
68,25.70991381
34,4.117960978
48,12.01450248
10,16.35005399
8,40.48243061
17,-0.634682521
9,-18.55065088
12,-4.164132253
13,24.36230405
48,-0.094257691
37,-2.172472284
41,22.42488365
33,-10.26508838
68,20.78747553
63,13.10986328
39,-8.278757897
32,7.246711747
35,3.602305446
46,6.481262646
37,-2.922924325
72,19.35656281
34,4.377486421
48,12.50895895
10,10.95938849
8,10.07872065
17,11.7336493
9,7.658350659
12,-5.366021412
13,6.715407886
48,-9.418042378
37,-5.056539583
38,14.69585272
34,-1.257546547
69,16.58013856
62,14.17208904
38,-15.03377823
34,-5.920821033
35,-9.16811421
47,-9.655187351
36,-1.7994508
72,3.005012741
34,-4.525772886
48,9.221051154
10,-5.642337279
8,20.03000821
17,10.04195878
9,-6.413433738
12,-3.169102095
13,15.2110449
48,-11.33650115
37,-11.34031457
39,25.03207397
32,-13.28688785
65,19.20367944
66,29.51410282
41,-1.402254112
35,2.438532553
32,-1.844274915
45,-14.85977666
38,7.822417031
71,7.650658837
34,4.094748992
48,13.90681005
10,17.26125342
8,5.341622033
17,12.26519269
9,18.24296229
12,13.96825151
13,0.013817645
48,-12.14650966
37,2.61553197
40,16.4277702
31,-1.369237235
66,16.23394248
63,19.15896944
38,-7.629071882
32,7.469737952
36,16.89936059
44,8.121311479
37,-3.700237846
68,7.200421322
34,7.635063529
48,1.532899442
10,5.501515176
8,39.19255639
17,8.289683399
9,2.826375738
12,-4.28444504
13,15.0460354
48,1.719845056
37,-14.96702337
37,21.24130632
31,-4.640785235
68,18.65547075
64,28.16975926
41,0.303606313
34,9.143721101
35,-5.074875556
48,-4.08198801
38,10.1522918
71,25.22098402
34,-4.342265001
48,6.119591449
10,18.5604162
8,41.17907586
17,12.0870139
9,16.58211525
12,14.14458979
13,16.67766746
48,-12.81343561
37,-0.397319474
38,25.72328054
33,-6.163055073
66,20.48845805
62,13.71625809
41,-6.943798948
35,8.242563117
34,2.146896656
48,-10.66361853
37,8.811526865
69,7.527881526
34,5.068256067
48,2.70833274
10,15.68827061
8,15.32908305
17,9.973097879
9,13.16254587
12,13.29828245
13,-17.53177325
48,-6.77026757
37,-2.553762866
42,19.27624016
32,-12.06159198
66,19.0917447
64,24.51905541
40,-14.13904341
34,-0.966285313
32,7.237383816
46,-19.73554554
37,6.539389079
70,22.11502443
34,8.355650024
48,10.8131147
10,8.301931799
8,54.49476012
17,6.017317203
9,22.65568478
12,-1.89147512
13,5.516465799
48,-16.29958867
37,1.394063861
42,2.995579688
34,-7.462147443
66,17.94307621
62,26.17119576
40,0.162787381
32,8.953809832
35,0.145151777
45,0.772748212
38,7.760781586
68,31.46369604
34,7.380051069
48,8.9396122
10,8.269155299
8,32.77617983
17,-0.938551682
9,-4.844345934
12,-3.221084872
13,18.81811645
48,2.118383601
37,-8.85898331
39,25.9571828
34,-5.834430479
67,20.1516704
64,15.37181009
41,-2.504017682
33,5.816170888
32,3.223599549
45,3.401705568
35,-10.84477164
70,7.083665165
34,12.89663785
48,9.404205211
10,6.72473678
8,-32.89938105
17,12.89197906
9,-17.74606401
12,13.70525935
13,16.8748777
48,-12.32443244
37,-2.308906291
43,25.00842481
32,13.48336609
65,20.75708214
66,26.33510193
37,13.63564245
35,-4.726889992
35,13.40971458
48,-13.18425386
36,5.178222602
70,7.710852642
34,4.488396837
48,14.8363594
10,3.21478442
8,61.13968992
17,13.6690155
9,17.26357513
12,8.820583091
13,27.92089111
48,2.76789409
37,-3.278431106
40,25.30698889
34,8.085218913
66,21.47943956
63,12.99543505
40,-3.895228346
34,-3.033446004
33,-2.147601757
45,5.069326045
35,17.49419283
70,3.987170406
34,10.31301811
48,11.93211549
10,12.61466499
8,4.930733079
17,13.17601217
9,1.777327782
12,4.387911764
13,4.915200915
48,-5.532767186
37,1.253951867
43,14.5659466
33,-13.74464313
68,15.3618654
62,11.62452837
40,-6.159883947
31,-0.724283178
35,0.578780642
45,-1.403479164
38,-3.088127448
71,6.612715557
34,8.921777423
48,13.10633839
10,5.288888109
8,56.43770459
17,-1.992138193
9,-5.070043913
12,14.4773615
13,-13.70568263
48,-3.555842179
37,-9.440802657
43,3.147695061
33,-9.433618116
68,17.23056682
63,26.47942251
37,4.065793515
34,10.64191197
32,-0.133932934
48,-9.922827646
36,-2.459627167
71,7.097827792
34,0.055578425
48,20.40470582
10,6.801631835
8,22.88415913
17,10.55338161
9,19.26072836
12,13.00238211
13,24.6166937
48,0.637945905
37,-4.411338156
41,22.05498951
32,-3.376088998
65,21.86765776
63,27.00202338
40,-1.252059471
32,2.135071954
33,-3.2495687
47,-0.25432552
36,-8.307237563
70,25.20973839
34,-6.617567108
48,21.75376242
10,4.602430819
8,28.06676211
17,2.84240282
9,12.50298488
12,14.63710699
13,28.29348089
48,-6.549348993
37,-3.667481246
43,25.56956184
32,7.199842544
69,19.09890547
66,20.94495097
41,-0.75432978
33,18.06497081
34,-2.053506866
44,-14.57662159
35,-0.209926128
70,6.980215443
34,6.703865828
48,8.13553581
10,16.33554633
8,51.44418919
17,9.759838325
9,6.527839343
12,5.816568613
13,18.93577291
48,-14.20463964
37,7.640999913
40,22.30511714
31,-6.422364384
66,0.466225297
63,28.53769484
38,-7.493869499
34,15.91539583
36,4.006642765
45,-5.151630055
38,7.799508393
70,6.405867544
34,4.62904376
48,11.4691738
10,25.07143175
8,17.86993966
17,14.17127074
9,-1.953733376
12,-4.804833613
13,25.33615044
48,0.828707898
37,-6.886860665
43,21.64702236
34,-2.007517508
68,7.161161258
63,30.56545504
39,-8.333980404
38,-11.25483823
36,3.596038902
44,6.757330543
34,7.399702565
72,23.71511273
34,6.54220717
48,21.46171913
10,0.211546105
8,1.576156933
17,12.74888996
9,-16.84630755
12,13.62924826
13,6.283501061
48,-17.69573584
37,7.700475605
40,14.52567889
33,13.25574621
68,19.66218899
66,9.239577438
41,3.292204107
36,5.320312471
34,4.170744439
47,-0.159770089
37,15.86241105
73,27.11901727
34,4.52106662
48,20.64065962
10,19.20587467
8,27.56279596
17,11.54516983
9,7.28652156
12,13.78902468
13,14.85776333
48,-7.07335457
37,-13.68421594
44,16.11604274
32,16.41991995
66,17.0224673
65,27.08568841
39,-3.833389476
36,19.19316078
34,-5.096435135
47,-12.69414857
35,2.142183036
70,26.30557769
34,-5.978852363
48,-1.581354201
10,-19.33688306
8,-41.65940817
17,-0.839155901
9,26.43550417
12,-2.382907481
13,24.72892313
48,-10.14783225
37,-8.399468481
41,21.41953657
31,-0.421533481
67,19.06623465
65,27.05316292
41,-10.45306855
40,9.323289263
36,-1.901311333
48,2.722734145
36,2.994811869
69,6.731927124
34,-3.7124312
48,23.10395979
10,11.61248329
8,43.29248741
17,17.06756111
9,29.53014703
12,-0.979426459
13,11.32082787
48,-13.20297443
37,0.687891304
44,17.20828123
33,6.149068399
68,13.73205409
62,28.90297435
40,-7.333449939
38,9.199474687
33,4.652356895
48,4.042287809
38,14.09141788
73,0.024227538
34,6.924705059
48,11.89521699
10,7.157644988
8,4.508841935
17,21.10769665
9,5.604502067
12,11.16255636
13,9.533775879
48,-9.795038479
37,-7.162909348
40,25.31125262
31,6.744932782
69,18.85063888
65,14.74662395
39,-20.80130183
41,-9.679546991
33,1.37720165
48,7.703837436
35,2.202151583
73,25.46478006
34,3.680501166
48,10.89618568
10,18.36207162
8,-7.042653158
17,-4.669119662
9,-3.027670372
12,-14.16288558
13,16.9956721
48,-6.166511158
37,-4.413372244
40,25.05316788
32,9.506404731
66,23.79120422
66,11.45059736
38,-20.32535131
39,14.0324922
36,9.163003387
47,-9.53057527
35,4.407296565
73,0.612243826
34,-1.423840351
48,23.99539951
10,8.136109307
8,36.15693772
17,23.99235439
9,18.35360218
12,14.09671963
13,3.487730425
48,-14.1408832
37,-14.89163535
44,14.49646285
32,13.43969629
68,-3.856637554
63,7.47781539
37,1.312676072
37,13.0087411
36,-3.725682551
44,1.846449677
34,5.855708248
71,4.516489544
34,4.749309606
48,18.10470758
10,-14.36416049
8,27.95218441
17,16.57594343
9,10.9950431
12,14.47155433
13,17.41674003
48,-2.479330708
37,10.4849873
41,22.20747647
34,6.38432848
65,18.48058744
66,25.97764903
39,13.54934337
37,17.2734565
34,-9.762220168
46,0.753574681
35,0.18475999
71,6.872149315
34,8.706782823
48,24.39142929
10,10.97216555
8,19.35807632
17,26.48855663
9,-5.587282886
12,-5.670342162
13,23.94672935
48,1.201316313
37,0.182381401
42,9.813866307
31,6.497034906
68,15.80677594
66,9.544225724
38,2.386789229
40,-0.029423265
32,2.559096848
44,-9.916174563
37,9.843472935
72,23.02445334
34,10.80988639
48,19.08771808
10,5.453427077
8,8.257679545
17,20.53520776
9,2.625132413
12,14.35026352
13,25.40151295
48,-9.056309986
37,0.207500021
44,16.02765813
31,-6.446039681
67,21.62790162
65,8.041406249
40,-9.607692228
37,-1.136684746
32,2.186676564
46,-2.548032945
37,0.157564304
73,1.347095268
34,4.314419965
48,18.70576534
10,12.76350837
8,53.36165292
17,-0.661057937
9,4.698361819
12,-1.686789122
13,22.82281376
48,-5.865804413
37,-22.57225445
43,7.671333544
34,-13.22452992
65,20.85643459
65,11.7972609
37,-22.12940961
38,12.34158367
32,-0.581141698
44,-1.335869799
37,14.27153282
72,24.51124745
34,12.52806553
48,13.28565554
10,8.98239698
8,29.49212364
17,25.98257512
9,30.14318564
12,12.64644107
13,9.288032233
48,0.257914455
37,-15.32819476
42,10.92508786
30,15.72375451
66,19.09245944
65,11.46971854
37,19.98231789
39,9.177768207
33,0.812456387
47,3.00130518
38,10.77004209
71,23.89342508
34,6.182184473
48,17.65485386
10,16.7205231
8,-2.579066647
17,23.04509279
9,31.59154522
12,-8.245861744
13,24.5587878
48,-14.18692647
37,3.265567927
41,21.72522114
32,-0.761257393
67,19.17733296
62,33.625142
39,-4.244766507
39,4.798538588
35,-5.998300368
47,0.423599879
38,16.38313911
72,1.940520181
34,9.397460592
48,9.346498314
10,9.772999875
8,50.96635244
17,-15.71072412
9,10.65111944
12,2.784215936
13,-3.978091181
48,-5.956231938
37,-2.757601632
40,24.89258641
34,-7.002531702
69,19.23696095
66,22.48117569
41,-1.541567924
37,-2.713022123
32,1.625221213
46,-14.85410854
35,1.525797535
73,3.157798664
34,8.412303352
48,19.53262624
10,-7.80214096
8,-10.03565175
17,9.608142046
9,-4.94608517
12,14.47961507
13,19.56237249
48,-10.29880723
37,-12.00755734
42,21.29033938
30,16.83372915
68,16.93132177
64,5.439937887
41,-1.334476522
40,-0.864123396
36,3.056978159
47,3.977425886
38,1.6400853
71,31.26981634
34,5.90323694
48,16.29342649
10,13.61184051
8,53.46328509
17,21.3945826
9,-1.430063449
12,12.80480369
13,2.061078524
48,-1.227223947
37,-6.42479557
43,15.01864737
34,-3.504573502
69,17.39575169
67,22.72192416
41,-9.107749337
38,-0.795672995
33,-5.939218981
45,-9.107763672
38,12.89729949
69,31.07437435
34,0.894926417
48,13.11109771
10,-6.612757585
8,3.810556051
17,5.081093165
9,0.978431674
12,-6.01027023
13,19.56818906
48,-13.50239239
37,1.596734541
40,27.33917396
30,19.66127978
65,15.09630462
66,6.923148019
37,12.76973364
37,-2.273142874
34,-0.072670932
48,12.46199035
34,10.22301114
71,-0.102205431
34,-4.280092277
48,26.75497508
10,9.486601579
8,-6.268842908
17,11.71130383
9,-7.82681102
12,-1.632561854
13,10.21868775
48,-17.24264244
37,-5.546424515
41,28.73261193
33,2.910477881
69,15.94958899
66,33.30911392
40,-0.134583635
37,17.44648544
34,3.93734595
51,4.237407851
35,4.387096394
73,-18.00068514
34,-3.550815579
48,13.96239757
10,3.290986339
8,40.5273003
17,-6.945923202
9,-2.841163159
12,14.61673838
13,28.29453866
48,-12.89931624
37,2.871127669
44,21.69735853
32,14.65026265
67,20.52191199
66,25.08598115
40,3.794568248
38,5.36432578
36,4.52374862
50,-0.77378777
36,-3.970661827
69,6.912791839
34,6.028471867
48,16.02023902
10,19.19296354
8,20.58973459
17,25.38340581
9,-3.686033971
12,13.65397781
13,21.64414108
48,-11.41793158
37,-0.902194568
45,8.360968178
30,0.679945268
67,-15.53221934
64,12.25087105
41,-1.891878783
41,17.17834115
35,21.64835571
52,0.92010342
38,2.25513383
73,7.117093087
34,2.593537469
48,23.09255656
10,-0.146758001
8,18.16942801
17,23.25527462
9,29.84143419
12,-3.493660528
13,14.37557285
48,-10.95095527
37,-5.016314066
42,13.15161993
30,2.824407558
65,18.21388007
67,10.15474108
38,-7.738627483
38,1.012835129
39,6.06050874
50,5.770413698
37,-9.566557799
70,31.21234342
34,6.847388429
48,11.15884487
10,8.185742016
8,49.29119837
17,22.7556516
9,1.784996877
12,8.593415088
13,-17.45814348
48,-9.258168609
37,2.702666495
46,13.59734676
34,-12.82668346
67,24.47260994
65,9.144187562
40,-8.930975555
37,19.33808892
38,8.763688182
53,12.74556057
36,14.64303586
72,1.796641756
34,-7.476036096
48,22.91450181
10,1.967666405
8,12.2699262
17,24.34682783
9,-1.359720961
12,-3.268809585
13,5.935592938
48,-3.743354003
37,5.631836339
43,15.10298452
33,-8.270970676
69,19.57481451
65,21.99529423
41,-0.900652751
42,5.346682607
40,7.86483036
57,-1.721255607
36,11.83455258
73,1.38589895
34,-1.243545075
48,14.05824113
10,14.99650954
8,20.89582268
17,2.154677199
9,-13.75115383
12,13.09382115
13,9.986589443
48,-4.341036825
37,-10.3262027
42,15.30397559
34,13.85148381
68,8.422796294
65,20.86128044
37,7.048015403
41,8.341412371
38,-11.17502697
58,1.631499519
34,36.19222976
72,-0.245153297
34,0.755499448
48,25.09740104
10,-4.074092652
8,43.84601621
17,20.13711289
9,14.64521091
12,-5.964819063
13,25.49752781
48,-12.57851279
37,13.36952206
43,28.29146262
30,24.81940959
71,17.66640945
67,16.85479803
41,0.489345843
41,-4.483183769
37,13.5081265
56,4.549616752
37,15.18778335
70,31.47936905
34,6.570046394
48,12.50863962
10,10.53563684
8,65.38218225
17,20.8217589
9,7.562471031
12,0.426401583
13,14.76951549
48,-13.33534899
37,-5.682241213
46,12.29801291
30,20.19142991
72,4.041999441
65,14.21226938
38,-4.075535427
38,10.0433049
39,13.97983096
55,-3.829799856
38,14.29265227
75,1.787872706
34,2.280303624
48,24.02746565
10,13.48706201
8,26.32558728
17,21.01138698
9,0.978936414
12,1.988179483
13,10.11405681
48,0.847233862
37,1.456857992
44,19.53899934
34,-10.38668127
71,17.53940428
66,15.49998789
39,-5.113420672
40,15.65210451
40,8.571731819
56,4.471830544
39,-4.642673919
72,23.75588225
34,12.95208967
48,23.57110516
10,-3.431032245
8,19.35936971
17,18.47812737
9,7.404865463
12,7.271337944
13,23.28789418
48,-15.51289734
37,2.510421414
43,19.45501407
31,-4.887902788
70,20.7019181
67,8.618348582
40,-13.81050337
40,15.48443943
40,12.17361887
56,5.005755587
37,-0.469346069
73,0.494237977
34,1.700557589
48,17.26923178
10,10.51773753
8,13.04406232
17,32.56995358
9,0.364994624
12,12.86512301
13,24.25186652
48,-12.25421313
37,-24.5102896
46,24.2663355
34,-1.280662468
71,23.52770294
63,21.60386614
38,-12.07724243
42,17.57683373
37,29.06613971
54,-1.73682279
38,2.113798873
72,27.77585756
34,8.087210483
48,13.65761605
10,3.525933993
8,-40.12095271
17,-11.41474584
9,26.69407935
12,13.65836354
13,13.39615113
48,-13.27317737
37,1.035263896
44,1.143451704
32,-1.547954412
71,-25.83672541
64,15.7239027
41,-3.032932248
41,8.134217995
40,23.38808052
56,4.158410602
36,17.07373231
75,1.859537265
34,-6.505760695
48,17.77201121
10,6.715594226
8,22.13895803
17,10.14752962
9,-1.74204578
12,10.27051122
13,22.20873305
48,-0.751609368
37,3.53856272
43,22.95860901
32,-9.826212606
71,21.77826799
64,17.11313046
37,19.15401132
39,-0.53955708
40,5.637498911
54,6.092569751
39,13.45866124
75,21.18509007
34,4.492602016
48,23.82917607
10,6.997196317
8,42.70970795
17,31.16743183
9,-4.5005393
12,1.375299529
13,25.82449988
48,-16.56163286
37,-7.51146609
42,28.37254086
33,-6.892697708
72,21.89121178
66,15.24297861
40,-4.280690732
40,4.072812374
38,24.06189242
54,12.80010352
39,18.21436546
71,1.703027873
34,-0.990534224
48,25.84095235
10,16.32087241
8,21.83519695
17,31.73893933
9,0.831769081
12,-0.63970959
13,15.94711576
48,-9.989804188
37,8.653448627
46,9.841311576
33,0.610140369
69,18.58190022
64,13.77277871
37,15.18711355
38,11.84170765
40,12.49252596
55,11.10737534
39,16.446447
73,0.127286531
34,1.382224343
48,14.44113974
10,13.99968027
8,-15.86659465
17,-7.184426971
9,-14.95075984
12,13.72954207
13,22.37362595
48,1.893771197
37,-13.14283451
46,7.168364087
32,-1.983772537
69,22.19421577
67,11.34832249
37,-15.83428625
41,-2.843780295
40,10.10599708
57,4.941043157
36,0.540855
71,6.851272087
34,11.4773919
48,24.70064106
10,11.18957016
8,15.75316736
17,13.23705249
9,8.856852517
12,8.237420884
13,16.66108491
48,-11.60764293
37,-0.436461746
45,16.46241704
30,18.23597771
70,20.20772387
64,13.56248667
41,-9.089259217
38,16.43197161
41,4.44027065
55,9.834292736
38,23.88822008
71,7.54212681
34,-4.890133938
48,22.31195293
10,9.764639199
8,-2.213720518
17,-7.634014856
9,7.904625338
12,2.861178057
13,-2.40177866
48,-15.74737251
37,3.358402561
46,11.74199011
30,22.38656138
70,8.517810359
65,22.91021127
39,-16.15522688
40,0.257873749
42,-0.913329329
55,8.929872052
39,6.82802115
74,1.097439179
34,-5.291931122
48,25.38895397
10,0.127114482
8,35.20602255
17,12.31295778
9,28.17288252
12,14.46154216
13,22.00999241
48,-8.26978215
37,10.65439517
43,11.79064273
30,27.056493
71,18.62835771
65,18.43326105
37,0.157921371
38,12.7311034
38,19.74400984
55,3.33104646
39,12.50713841
73,6.5062184
34,-3.337243082
48,21.86235122
10,-20.30935031
8,59.06503432
17,7.9952542
9,7.486587331
12,12.08636794
13,17.79175577
48,-1.700226783
37,6.355028567
43,6.707878399
32,-10.51773584
70,1.441298577
67,17.6837157
38,-4.539982446
38,10.48270492
39,19.57524822
56,5.438729918
39,7.127414448
73,0.233457073
34,0.881712359
48,17.23406047
10,19.66760732
8,33.59601048
17,-12.67765354
9,0.567728845
12,0.104928853
13,14.52297389
48,-9.029596241
37,0.756491584
46,19.77827479
32,0.235147215
68,22.03583152
66,21.00153941
37,-6.69022452
41,-2.215392269
40,13.11778817
55,5.85876101
36,4.72732223
73,0.633864514
34,10.82014609
48,15.4172906
10,29.82408117
8,-70.30342996
17,22.97095738
9,3.052159106
12,2.762188715
13,23.82135547
48,-8.864645436
37,1.544325417
45,19.81928823
34,-9.457804281
70,21.13354445
67,13.22120651
39,4.336746664
38,22.6103832
41,13.17268932
57,4.802712336
36,3.900961624
74,4.457113619
34,12.40377366
48,1.004330521
10,3.348967801
8,51.84031098
17,-11.00906379
9,3.128022911
12,-4.482146489
13,12.25346225
48,-14.78588821
37,-26.31591815
44,16.7746181
30,28.0653216
72,-23.21806445
64,13.88539485
41,2.67300214
43,2.426083516
41,-1.092973935
57,6.538967167
35,26.14109947
75,-0.049934889
34,11.25135449
48,-5.483107177
10,0.074655077
8,47.53001126
17,-15.15976563
9,14.90328114
12,12.59487598
13,17.63809374
48,-7.513456063
37,-2.670186916
42,26.56429237
34,-10.90991844
72,7.911400561
66,15.00429232
41,3.884535999
41,1.641751682
40,3.633061363
55,-5.467674241
39,8.054811404
72,2.04505693
34,-2.055945829
48,13.50092165
10,-6.234676358
8,-11.44694393
17,13.14153846
9,4.071060666
12,4.738137907
13,18.88294212
48,-8.917856164
37,-1.693676473
43,27.27350003
33,-4.940042929
70,28.46201275
65,12.34919137
38,-19.39511387
42,15.33266031
42,6.199377098
56,-6.587798598
36,-2.084983587
73,0.058226684
34,7.371632948
48,18.5369918
10,13.46536785
8,56.11713396
17,7.188732885
9,2.848343657
12,10.6079303
13,28.97023292
48,-13.42791725
37,8.793978837
